
-- usuarios
INSERT INTO simudest.usuario (id_user, email, nombre, apellido1, apellido2, admin, contra) VALUES ('4028b881804768e60180476c596c0001', 'administrador@simudest.com', 'Administrador', 'Administrador', 'Administrador', true, '{bcrypt}$2a$10$FHuB64NpmzX/di/qYnUXsuTeT1L9Rat7xEYFBn.mLs.3Tx6nGOg7C');
INSERT INTO simudest.usuario (id_user, email, nombre, apellido1, apellido2, admin, contra) VALUES ('4028b881804768e60180476c596c0000', 'acastillo@simudest.com', 'Jose Alberto', 'Castillo', 'Jimenez', true, '{bcrypt}$2a$10$FHuB64NpmzX/di/qYnUXsuTeT1L9Rat7xEYFBn.mLs.3Tx6nGOg7C');
INSERT INTO simudest.usuario (id_user, email, nombre, apellido1, apellido2, admin, contra) VALUES ('4028b881804768e60180476c596c000105','usuario105_@simudest.com','Abdon','Alvarez','Zamarro',false,'{bcrypt}$2a$10$FHuB64NpmzX/di/qYnUXsuTeT1L9Rat7xEYFBn.mLs.3Tx6nGOg7C');
INSERT INTO simudest.usuario (id_user, email, nombre, apellido1, apellido2, admin, contra) VALUES ('4028b881804768e60180476c596c0009','usuario9_@simudest.com','Abel','Valdevielso','Yebra',false,'{bcrypt}$2a$10$FHuB64NpmzX/di/qYnUXsuTeT1L9Rat7xEYFBn.mLs.3Tx6nGOg7C');
INSERT INTO simudest.usuario (id_user, email, nombre, apellido1, apellido2, admin, contra) VALUES ('4028b881804768e60180476c596c000157','usuario157_@simudest.com','Abelardo','Gallaro','Vladimirovna',false,'{bcrypt}$2a$10$FHuB64NpmzX/di/qYnUXsuTeT1L9Rat7xEYFBn.mLs.3Tx6nGOg7C');
INSERT INTO simudest.usuario (id_user, email, nombre, apellido1, apellido2, admin, contra) VALUES ('4028b881804768e60180476c596c00063','usuario63_@simudest.com','Ainara','Rojas','Villarprego',false,'{bcrypt}$2a$10$FHuB64NpmzX/di/qYnUXsuTeT1L9Rat7xEYFBn.mLs.3Tx6nGOg7C');
INSERT INTO simudest.usuario (id_user, email, nombre, apellido1, apellido2, admin, contra) VALUES ('4028b881804768e60180476c596c00040','usuario40_@simudest.com','Aitor','Nieto','Villandiego',false,'{bcrypt}$2a$10$FHuB64NpmzX/di/qYnUXsuTeT1L9Rat7xEYFBn.mLs.3Tx6nGOg7C');
INSERT INTO simudest.usuario (id_user, email, nombre, apellido1, apellido2, admin, contra) VALUES ('4028b881804768e60180476c596c00046','usuario46_@simudest.com','Aitor','Orihuela','Villamil',false,'{bcrypt}$2a$10$FHuB64NpmzX/di/qYnUXsuTeT1L9Rat7xEYFBn.mLs.3Tx6nGOg7C');
INSERT INTO simudest.usuario (id_user, email, nombre, apellido1, apellido2, admin, contra) VALUES ('4028b881804768e60180476c596c00071','usuario71_@simudest.com','Alba','Salero','Villalba',false,'{bcrypt}$2a$10$FHuB64NpmzX/di/qYnUXsuTeT1L9Rat7xEYFBn.mLs.3Tx6nGOg7C');
INSERT INTO simudest.usuario (id_user, email, nombre, apellido1, apellido2, admin, contra) VALUES ('4028b881804768e60180476c596c00079','usuario79_@simudest.com','Alcalde','Serrano','Villafranca',false,'{bcrypt}$2a$10$FHuB64NpmzX/di/qYnUXsuTeT1L9Rat7xEYFBn.mLs.3Tx6nGOg7C');
INSERT INTO simudest.usuario (id_user, email, nombre, apellido1, apellido2, admin, contra) VALUES ('4028b881804768e60180476c596c00039','usuario39_@simudest.com','Alejandra','Morales','Villafana',false,'{bcrypt}$2a$10$FHuB64NpmzX/di/qYnUXsuTeT1L9Rat7xEYFBn.mLs.3Tx6nGOg7C');
INSERT INTO simudest.usuario (id_user, email, nombre, apellido1, apellido2, admin, contra) VALUES ('4028b881804768e60180476c596c000150','usuario150_@simudest.com','Alejandro','Fernandez','Villacampa',false,'{bcrypt}$2a$10$FHuB64NpmzX/di/qYnUXsuTeT1L9Rat7xEYFBn.mLs.3Tx6nGOg7C');
INSERT INTO simudest.usuario (id_user, email, nombre, apellido1, apellido2, admin, contra) VALUES ('4028b881804768e60180476c596c000163','usuario163_@simudest.com','Alejandro','Garcia','Villa',false,'{bcrypt}$2a$10$FHuB64NpmzX/di/qYnUXsuTeT1L9Rat7xEYFBn.mLs.3Tx6nGOg7C');
INSERT INTO simudest.usuario (id_user, email, nombre, apellido1, apellido2, admin, contra) VALUES ('4028b881804768e60180476c596c00020','usuario20_@simudest.com','Alejandro','Macias','Vecina',false,'{bcrypt}$2a$10$FHuB64NpmzX/di/qYnUXsuTeT1L9Rat7xEYFBn.mLs.3Tx6nGOg7C');
INSERT INTO simudest.usuario (id_user, email, nombre, apellido1, apellido2, admin, contra) VALUES ('4028b881804768e60180476c596c00023','usuario23_@simudest.com','Alejandro','Martinez','Vanegas',false,'{bcrypt}$2a$10$FHuB64NpmzX/di/qYnUXsuTeT1L9Rat7xEYFBn.mLs.3Tx6nGOg7C');
INSERT INTO simudest.usuario (id_user, email, nombre, apellido1, apellido2, admin, contra) VALUES ('4028b881804768e60180476c596c00074','usuario74_@simudest.com','Alejandro','Sanchez','Valiente',false,'{bcrypt}$2a$10$FHuB64NpmzX/di/qYnUXsuTeT1L9Rat7xEYFBn.mLs.3Tx6nGOg7C');
INSERT INTO simudest.usuario (id_user, email, nombre, apellido1, apellido2, admin, contra) VALUES ('4028b881804768e60180476c596c000125','usuario125_@simudest.com','Alexmonedero','Borrego','Valero',false,'{bcrypt}$2a$10$FHuB64NpmzX/di/qYnUXsuTeT1L9Rat7xEYFBn.mLs.3Tx6nGOg7C');
INSERT INTO simudest.usuario (id_user, email, nombre, apellido1, apellido2, admin, contra) VALUES ('4028b881804768e60180476c596c00031','usuario31_@simudest.com','Alfonso','Menik','Valdaliso',false,'{bcrypt}$2a$10$FHuB64NpmzX/di/qYnUXsuTeT1L9Rat7xEYFBn.mLs.3Tx6nGOg7C');
INSERT INTO simudest.usuario (id_user, email, nombre, apellido1, apellido2, admin, contra) VALUES ('4028b881804768e60180476c596c000128','usuario128_@simudest.com','Almoradive','Canete','Vagrande',false,'{bcrypt}$2a$10$FHuB64NpmzX/di/qYnUXsuTeT1L9Rat7xEYFBn.mLs.3Tx6nGOg7C');
INSERT INTO simudest.usuario (id_user, email, nombre, apellido1, apellido2, admin, contra) VALUES ('4028b881804768e60180476c596c00062','usuario62_@simudest.com','Almudena','Rodriguez','Torres',false,'{bcrypt}$2a$10$FHuB64NpmzX/di/qYnUXsuTeT1L9Rat7xEYFBn.mLs.3Tx6nGOg7C');
INSERT INTO simudest.usuario (id_user, email, nombre, apellido1, apellido2, admin, contra) VALUES ('4028b881804768e60180476c596c000185','usuario185_@simudest.com','Alvaro','Indo','Torres',false,'{bcrypt}$2a$10$FHuB64NpmzX/di/qYnUXsuTeT1L9Rat7xEYFBn.mLs.3Tx6nGOg7C');
INSERT INTO simudest.usuario (id_user, email, nombre, apellido1, apellido2, admin, contra) VALUES ('4028b881804768e60180476c596c000135','usuario135_@simudest.com','Amusqueno','Coleira','Torres',false,'{bcrypt}$2a$10$FHuB64NpmzX/di/qYnUXsuTeT1L9Rat7xEYFBn.mLs.3Tx6nGOg7C');
INSERT INTO simudest.usuario (id_user, email, nombre, apellido1, apellido2, admin, contra) VALUES ('4028b881804768e60180476c596c000190','usuario190_@simudest.com','Ana','Ladrada','Toboso',false,'{bcrypt}$2a$10$FHuB64NpmzX/di/qYnUXsuTeT1L9Rat7xEYFBn.mLs.3Tx6nGOg7C');
INSERT INTO simudest.usuario (id_user, email, nombre, apellido1, apellido2, admin, contra) VALUES ('4028b881804768e60180476c596c000198','usuario198_@simudest.com','Anai','Lopez','Teixidor',false,'{bcrypt}$2a$10$FHuB64NpmzX/di/qYnUXsuTeT1L9Rat7xEYFBn.mLs.3Tx6nGOg7C');
INSERT INTO simudest.usuario (id_user, email, nombre, apellido1, apellido2, admin, contra) VALUES ('4028b881804768e60180476c596c000176','usuario176_@simudest.com','Ander','Gonzalez','Teixeira',false,'{bcrypt}$2a$10$FHuB64NpmzX/di/qYnUXsuTeT1L9Rat7xEYFBn.mLs.3Tx6nGOg7C');
INSERT INTO simudest.usuario (id_user, email, nombre, apellido1, apellido2, admin, contra) VALUES ('4028b881804768e60180476c596c00059','usuario59_@simudest.com','Andres','Quijano','Talaga',false,'{bcrypt}$2a$10$FHuB64NpmzX/di/qYnUXsuTeT1L9Rat7xEYFBn.mLs.3Tx6nGOg7C');
INSERT INTO simudest.usuario (id_user, email, nombre, apellido1, apellido2, admin, contra) VALUES ('4028b881804768e60180476c596c00060','usuario60_@simudest.com','Angel','Ramon','Sierralta',false,'{bcrypt}$2a$10$FHuB64NpmzX/di/qYnUXsuTeT1L9Rat7xEYFBn.mLs.3Tx6nGOg7C');
INSERT INTO simudest.usuario (id_user, email, nombre, apellido1, apellido2, admin, contra) VALUES ('4028b881804768e60180476c596c000147','usuario147_@simudest.com','Angeles','Esteban','Sepulveda',false,'{bcrypt}$2a$10$FHuB64NpmzX/di/qYnUXsuTeT1L9Rat7xEYFBn.mLs.3Tx6nGOg7C');
INSERT INTO simudest.usuario (id_user, email, nombre, apellido1, apellido2, admin, contra) VALUES ('4028b881804768e60180476c596c000184','usuario184_@simudest.com','Antonio','Iglesias','Senor',false,'{bcrypt}$2a$10$FHuB64NpmzX/di/qYnUXsuTeT1L9Rat7xEYFBn.mLs.3Tx6nGOg7C');
INSERT INTO simudest.usuario (id_user, email, nombre, apellido1, apellido2, admin, contra) VALUES ('4028b881804768e60180476c596c00099','usuario99_@simudest.com','Antonio','Abril','Segovia',false,'{bcrypt}$2a$10$FHuB64NpmzX/di/qYnUXsuTeT1L9Rat7xEYFBn.mLs.3Tx6nGOg7C');
INSERT INTO simudest.usuario (id_user, email, nombre, apellido1, apellido2, admin, contra) VALUES ('4028b881804768e60180476c596c000202','usuario202_@simudest.com','Augustocesar','Mantilla','Sastre',false,'{bcrypt}$2a$10$FHuB64NpmzX/di/qYnUXsuTeT1L9Rat7xEYFBn.mLs.3Tx6nGOg7C');
INSERT INTO simudest.usuario (id_user, email, nombre, apellido1, apellido2, admin, contra) VALUES ('4028b881804768e60180476c596c000139','usuario139_@simudest.com','Bardok30','Cuenca','Sanjuan',false,'{bcrypt}$2a$10$FHuB64NpmzX/di/qYnUXsuTeT1L9Rat7xEYFBn.mLs.3Tx6nGOg7C');
INSERT INTO simudest.usuario (id_user, email, nombre, apellido1, apellido2, admin, contra) VALUES ('4028b881804768e60180476c596c00035','usuario35_@simudest.com','Beatriz','Molinuevo','Sanchez',false,'{bcrypt}$2a$10$FHuB64NpmzX/di/qYnUXsuTeT1L9Rat7xEYFBn.mLs.3Tx6nGOg7C');
INSERT INTO simudest.usuario (id_user, email, nombre, apellido1, apellido2, admin, contra) VALUES ('4028b881804768e60180476c596c00092','usuario92_@simudest.com','Biblia','Vega','Sanchez',false,'{bcrypt}$2a$10$FHuB64NpmzX/di/qYnUXsuTeT1L9Rat7xEYFBn.mLs.3Tx6nGOg7C');
INSERT INTO simudest.usuario (id_user, email, nombre, apellido1, apellido2, admin, contra) VALUES ('4028b881804768e60180476c596c000122','usuario122_@simudest.com','Bissoft','Blanco','Samperio',false,'{bcrypt}$2a$10$FHuB64NpmzX/di/qYnUXsuTeT1L9Rat7xEYFBn.mLs.3Tx6nGOg7C');
INSERT INTO simudest.usuario (id_user, email, nombre, apellido1, apellido2, admin, contra) VALUES ('4028b881804768e60180476c596c000164','usuario164_@simudest.com','Boris','Garcia','Salgado',false,'{bcrypt}$2a$10$FHuB64NpmzX/di/qYnUXsuTeT1L9Rat7xEYFBn.mLs.3Tx6nGOg7C');
INSERT INTO simudest.usuario (id_user, email, nombre, apellido1, apellido2, admin, contra) VALUES ('4028b881804768e60180476c596c00090','usuario90_@simudest.com','Burtlancaster','Valseca','Ruiz',false,'{bcrypt}$2a$10$FHuB64NpmzX/di/qYnUXsuTeT1L9Rat7xEYFBn.mLs.3Tx6nGOg7C');
INSERT INTO simudest.usuario (id_user, email, nombre, apellido1, apellido2, admin, contra) VALUES ('4028b881804768e60180476c596c000129','usuario129_@simudest.com','Carlos','Canto','Ruiz',false,'{bcrypt}$2a$10$FHuB64NpmzX/di/qYnUXsuTeT1L9Rat7xEYFBn.mLs.3Tx6nGOg7C');
INSERT INTO simudest.usuario (id_user, email, nombre, apellido1, apellido2, admin, contra) VALUES ('4028b881804768e60180476c596c000189','usuario189_@simudest.com','Carlos','Jauregui','Ruiz',false,'{bcrypt}$2a$10$FHuB64NpmzX/di/qYnUXsuTeT1L9Rat7xEYFBn.mLs.3Tx6nGOg7C');
INSERT INTO simudest.usuario (id_user, email, nombre, apellido1, apellido2, admin, contra) VALUES ('4028b881804768e60180476c596c00050','usuario50_@simudest.com','Carlos','Parras','Rubin',false,'{bcrypt}$2a$10$FHuB64NpmzX/di/qYnUXsuTeT1L9Rat7xEYFBn.mLs.3Tx6nGOg7C');
INSERT INTO simudest.usuario (id_user, email, nombre, apellido1, apellido2, admin, contra) VALUES ('4028b881804768e60180476c596c000194','usuario194_@simudest.com','Carmen','Lete','Rubiales',false,'{bcrypt}$2a$10$FHuB64NpmzX/di/qYnUXsuTeT1L9Rat7xEYFBn.mLs.3Tx6nGOg7C');
INSERT INTO simudest.usuario (id_user, email, nombre, apellido1, apellido2, admin, contra) VALUES ('4028b881804768e60180476c596c00036','usuario36_@simudest.com','Carmen','Momparte','Rosique',false,'{bcrypt}$2a$10$FHuB64NpmzX/di/qYnUXsuTeT1L9Rat7xEYFBn.mLs.3Tx6nGOg7C');
INSERT INTO simudest.usuario (id_user, email, nombre, apellido1, apellido2, admin, contra) VALUES ('4028b881804768e60180476c596c000119','usuario119_@simudest.com','Carolina','Bellido','Romero',false,'{bcrypt}$2a$10$FHuB64NpmzX/di/qYnUXsuTeT1L9Rat7xEYFBn.mLs.3Tx6nGOg7C');
INSERT INTO simudest.usuario (id_user, email, nombre, apellido1, apellido2, admin, contra) VALUES ('4028b881804768e60180476c596c000152','usuario152_@simudest.com','Catacrack','Fiter','Romero',false,'{bcrypt}$2a$10$FHuB64NpmzX/di/qYnUXsuTeT1L9Rat7xEYFBn.mLs.3Tx6nGOg7C');
INSERT INTO simudest.usuario (id_user, email, nombre, apellido1, apellido2, admin, contra) VALUES ('4028b881804768e60180476c596c000168','usuario168_@simudest.com','Cinema','Gestoso','Rodriguez',false,'{bcrypt}$2a$10$FHuB64NpmzX/di/qYnUXsuTeT1L9Rat7xEYFBn.mLs.3Tx6nGOg7C');
INSERT INTO simudest.usuario (id_user, email, nombre, apellido1, apellido2, admin, contra) VALUES ('4028b881804768e60180476c596c000106','usuario106_@simudest.com','Com','Alvarez','Rodriguez',false,'{bcrypt}$2a$10$FHuB64NpmzX/di/qYnUXsuTeT1L9Rat7xEYFBn.mLs.3Tx6nGOg7C');
INSERT INTO simudest.usuario (id_user, email, nombre, apellido1, apellido2, admin, contra) VALUES ('4028b881804768e60180476c596c000181','usuario181_@simudest.com','Coyomarmo','Guijano','Robles',false,'{bcrypt}$2a$10$FHuB64NpmzX/di/qYnUXsuTeT1L9Rat7xEYFBn.mLs.3Tx6nGOg7C');
INSERT INTO simudest.usuario (id_user, email, nombre, apellido1, apellido2, admin, contra) VALUES ('4028b881804768e60180476c596c00010','usuario10_@simudest.com','Cristian','Adan','Rivera',false,'{bcrypt}$2a$10$FHuB64NpmzX/di/qYnUXsuTeT1L9Rat7xEYFBn.mLs.3Tx6nGOg7C');
INSERT INTO simudest.usuario (id_user, email, nombre, apellido1, apellido2, admin, contra) VALUES ('4028b881804768e60180476c596c00033','usuario33_@simudest.com','Cristina','Miravalles','Riera',false,'{bcrypt}$2a$10$FHuB64NpmzX/di/qYnUXsuTeT1L9Rat7xEYFBn.mLs.3Tx6nGOg7C');
INSERT INTO simudest.usuario (id_user, email, nombre, apellido1, apellido2, admin, contra) VALUES ('4028b881804768e60180476c596c00085','usuario85_@simudest.com','Cristina','Tenorio','Rienda',false,'{bcrypt}$2a$10$FHuB64NpmzX/di/qYnUXsuTeT1L9Rat7xEYFBn.mLs.3Tx6nGOg7C');
INSERT INTO simudest.usuario (id_user, email, nombre, apellido1, apellido2, admin, contra) VALUES ('4028b881804768e60180476c596c000142','usuario142_@simudest.com','Cybindar','Escruela','Riega',false,'{bcrypt}$2a$10$FHuB64NpmzX/di/qYnUXsuTeT1L9Rat7xEYFBn.mLs.3Tx6nGOg7C');
INSERT INTO simudest.usuario (id_user, email, nombre, apellido1, apellido2, admin, contra) VALUES ('4028b881804768e60180476c596c000141','usuario141_@simudest.com','Dagoberto','Elizalde','Revenga',false,'{bcrypt}$2a$10$FHuB64NpmzX/di/qYnUXsuTeT1L9Rat7xEYFBn.mLs.3Tx6nGOg7C');
INSERT INTO simudest.usuario (id_user, email, nombre, apellido1, apellido2, admin, contra) VALUES ('4028b881804768e60180476c596c00086','usuario86_@simudest.com','Damego','Torres','Rebollo',false,'{bcrypt}$2a$10$FHuB64NpmzX/di/qYnUXsuTeT1L9Rat7xEYFBn.mLs.3Tx6nGOg7C');
INSERT INTO simudest.usuario (id_user, email, nombre, apellido1, apellido2, admin, contra) VALUES ('4028b881804768e60180476c596c000126','usuario126_@simudest.com','Daniel','Caceres','Ramos',false,'{bcrypt}$2a$10$FHuB64NpmzX/di/qYnUXsuTeT1L9Rat7xEYFBn.mLs.3Tx6nGOg7C');
INSERT INTO simudest.usuario (id_user, email, nombre, apellido1, apellido2, admin, contra) VALUES ('4028b881804768e60180476c596c0003','usuario3_@simudest.com','Daniel','Mendecute','Quincoces',false,'{bcrypt}$2a$10$FHuB64NpmzX/di/qYnUXsuTeT1L9Rat7xEYFBn.mLs.3Tx6nGOg7C');
INSERT INTO simudest.usuario (id_user, email, nombre, apellido1, apellido2, admin, contra) VALUES ('4028b881804768e60180476c596c00041','usuario41_@simudest.com','Daniel','Nunes','Quincoces',false,'{bcrypt}$2a$10$FHuB64NpmzX/di/qYnUXsuTeT1L9Rat7xEYFBn.mLs.3Tx6nGOg7C');
INSERT INTO simudest.usuario (id_user, email, nombre, apellido1, apellido2, admin, contra) VALUES ('4028b881804768e60180476c596c00052','usuario52_@simudest.com','Daniel','Peno','Pulido',false,'{bcrypt}$2a$10$FHuB64NpmzX/di/qYnUXsuTeT1L9Rat7xEYFBn.mLs.3Tx6nGOg7C');
INSERT INTO simudest.usuario (id_user, email, nombre, apellido1, apellido2, admin, contra) VALUES ('4028b881804768e60180476c596c00057','usuario57_@simudest.com','Daniel','Pitarch','Prego',false,'{bcrypt}$2a$10$FHuB64NpmzX/di/qYnUXsuTeT1L9Rat7xEYFBn.mLs.3Tx6nGOg7C');
INSERT INTO simudest.usuario (id_user, email, nombre, apellido1, apellido2, admin, contra) VALUES ('4028b881804768e60180476c596c000101','usuario101_@simudest.com','Danihyosung','Aguilar','Pozo',false,'{bcrypt}$2a$10$FHuB64NpmzX/di/qYnUXsuTeT1L9Rat7xEYFBn.mLs.3Tx6nGOg7C');
INSERT INTO simudest.usuario (id_user, email, nombre, apellido1, apellido2, admin, contra) VALUES ('4028b881804768e60180476c596c00087','usuario87_@simudest.com','Danny007','Torres','Perez',false,'{bcrypt}$2a$10$FHuB64NpmzX/di/qYnUXsuTeT1L9Rat7xEYFBn.mLs.3Tx6nGOg7C');
INSERT INTO simudest.usuario (id_user, email, nombre, apellido1, apellido2, admin, contra) VALUES ('4028b881804768e60180476c596c00044','usuario44_@simudest.com','David','Oliva','Pereira',false,'{bcrypt}$2a$10$FHuB64NpmzX/di/qYnUXsuTeT1L9Rat7xEYFBn.mLs.3Tx6nGOg7C');
INSERT INTO simudest.usuario (id_user, email, nombre, apellido1, apellido2, admin, contra) VALUES ('4028b881804768e60180476c596c00058','usuario58_@simudest.com','David','Polo','Parte',false,'{bcrypt}$2a$10$FHuB64NpmzX/di/qYnUXsuTeT1L9Rat7xEYFBn.mLs.3Tx6nGOg7C');
INSERT INTO simudest.usuario (id_user, email, nombre, apellido1, apellido2, admin, contra) VALUES ('4028b881804768e60180476c596c000171','usuario171_@simudest.com','Delaross','Gonzalez','Padilla',false,'{bcrypt}$2a$10$FHuB64NpmzX/di/qYnUXsuTeT1L9Rat7xEYFBn.mLs.3Tx6nGOg7C');
INSERT INTO simudest.usuario (id_user, email, nombre, apellido1, apellido2, admin, contra) VALUES ('4028b881804768e60180476c596c000140','usuario140_@simudest.com','Delia','Dominguez','Pachon',false,'{bcrypt}$2a$10$FHuB64NpmzX/di/qYnUXsuTeT1L9Rat7xEYFBn.mLs.3Tx6nGOg7C');
INSERT INTO simudest.usuario (id_user, email, nombre, apellido1, apellido2, admin, contra) VALUES ('4028b881804768e60180476c596c000182','usuario182_@simudest.com','Doroteo','Guisasola','Ormazabal',false,'{bcrypt}$2a$10$FHuB64NpmzX/di/qYnUXsuTeT1L9Rat7xEYFBn.mLs.3Tx6nGOg7C');
INSERT INTO simudest.usuario (id_user, email, nombre, apellido1, apellido2, admin, contra) VALUES ('4028b881804768e60180476c596c000169','usuario169_@simudest.com','Eduardo','Gomez','Orense',false,'{bcrypt}$2a$10$FHuB64NpmzX/di/qYnUXsuTeT1L9Rat7xEYFBn.mLs.3Tx6nGOg7C');
INSERT INTO simudest.usuario (id_user, email, nombre, apellido1, apellido2, admin, contra) VALUES ('4028b881804768e60180476c596c0004','usuario4_@simudest.com','Eduardo','Murillo','Ojeda',false,'{bcrypt}$2a$10$FHuB64NpmzX/di/qYnUXsuTeT1L9Rat7xEYFBn.mLs.3Tx6nGOg7C');
INSERT INTO simudest.usuario (id_user, email, nombre, apellido1, apellido2, admin, contra) VALUES ('4028b881804768e60180476c596c000175','usuario175_@simudest.com','Emilio','Gonzalez','Ochandio',false,'{bcrypt}$2a$10$FHuB64NpmzX/di/qYnUXsuTeT1L9Rat7xEYFBn.mLs.3Tx6nGOg7C');
INSERT INTO simudest.usuario (id_user, email, nombre, apellido1, apellido2, admin, contra) VALUES ('4028b881804768e60180476c596c00075','usuario75_@simudest.com','Enmanuel Jair','Sanchez','Nunez',false,'{bcrypt}$2a$10$FHuB64NpmzX/di/qYnUXsuTeT1L9Rat7xEYFBn.mLs.3Tx6nGOg7C');
INSERT INTO simudest.usuario (id_user, email, nombre, apellido1, apellido2, admin, contra) VALUES ('4028b881804768e60180476c596c000192','usuario192_@simudest.com','Enrique','Laincera','Nieto',false,'{bcrypt}$2a$10$FHuB64NpmzX/di/qYnUXsuTeT1L9Rat7xEYFBn.mLs.3Tx6nGOg7C');
INSERT INTO simudest.usuario (id_user, email, nombre, apellido1, apellido2, admin, contra) VALUES ('4028b881804768e60180476c596c000120','usuario120_@simudest.com','Ernesto','Bermudo','Navajas',false,'{bcrypt}$2a$10$FHuB64NpmzX/di/qYnUXsuTeT1L9Rat7xEYFBn.mLs.3Tx6nGOg7C');
INSERT INTO simudest.usuario (id_user, email, nombre, apellido1, apellido2, admin, contra) VALUES ('4028b881804768e60180476c596c00015','usuario15_@simudest.com','Ernesto','Fernandez','Navaes',false,'{bcrypt}$2a$10$FHuB64NpmzX/di/qYnUXsuTeT1L9Rat7xEYFBn.mLs.3Tx6nGOg7C');
INSERT INTO simudest.usuario (id_user, email, nombre, apellido1, apellido2, admin, contra) VALUES ('4028b881804768e60180476c596c00038','usuario38_@simudest.com','Estefania','Montesdeoca','Mugica',false,'{bcrypt}$2a$10$FHuB64NpmzX/di/qYnUXsuTeT1L9Rat7xEYFBn.mLs.3Tx6nGOg7C');
INSERT INTO simudest.usuario (id_user, email, nombre, apellido1, apellido2, admin, contra) VALUES ('4028b881804768e60180476c596c000113','usuario113_@simudest.com','Evarista','Arnal','Moreno',false,'{bcrypt}$2a$10$FHuB64NpmzX/di/qYnUXsuTeT1L9Rat7xEYFBn.mLs.3Tx6nGOg7C');
INSERT INTO simudest.usuario (id_user, email, nombre, apellido1, apellido2, admin, contra) VALUES ('4028b881804768e60180476c596c000114','usuario114_@simudest.com','Evarista','Arriscado','Moreira',false,'{bcrypt}$2a$10$FHuB64NpmzX/di/qYnUXsuTeT1L9Rat7xEYFBn.mLs.3Tx6nGOg7C');
INSERT INTO simudest.usuario (id_user, email, nombre, apellido1, apellido2, admin, contra) VALUES ('4028b881804768e60180476c596c00096','usuario96_@simudest.com','Excaban','Yebra','Morales',false,'{bcrypt}$2a$10$FHuB64NpmzX/di/qYnUXsuTeT1L9Rat7xEYFBn.mLs.3Tx6nGOg7C');
INSERT INTO simudest.usuario (id_user, email, nombre, apellido1, apellido2, admin, contra) VALUES ('4028b881804768e60180476c596c00045','usuario45_@simudest.com','Fabiana','Orcondona','Montoya',false,'{bcrypt}$2a$10$FHuB64NpmzX/di/qYnUXsuTeT1L9Rat7xEYFBn.mLs.3Tx6nGOg7C');
INSERT INTO simudest.usuario (id_user, email, nombre, apellido1, apellido2, admin, contra) VALUES ('4028b881804768e60180476c596c00016','usuario16_@simudest.com','Felix Jose','Garcia','Metola',false,'{bcrypt}$2a$10$FHuB64NpmzX/di/qYnUXsuTeT1L9Rat7xEYFBn.mLs.3Tx6nGOg7C');
INSERT INTO simudest.usuario (id_user, email, nombre, apellido1, apellido2, admin, contra) VALUES ('4028b881804768e60180476c596c000151','usuario151_@simudest.com','Fran','Ferreira','Mella',false,'{bcrypt}$2a$10$FHuB64NpmzX/di/qYnUXsuTeT1L9Rat7xEYFBn.mLs.3Tx6nGOg7C');
INSERT INTO simudest.usuario (id_user, email, nombre, apellido1, apellido2, admin, contra) VALUES ('4028b881804768e60180476c596c000133','usuario133_@simudest.com','Francisco','Cespedosa','Mejias',false,'{bcrypt}$2a$10$FHuB64NpmzX/di/qYnUXsuTeT1L9Rat7xEYFBn.mLs.3Tx6nGOg7C');
INSERT INTO simudest.usuario (id_user, email, nombre, apellido1, apellido2, admin, contra) VALUES ('4028b881804768e60180476c596c000153','usuario153_@simudest.com','Francisco','Fortunez','Martos',false,'{bcrypt}$2a$10$FHuB64NpmzX/di/qYnUXsuTeT1L9Rat7xEYFBn.mLs.3Tx6nGOg7C');
INSERT INTO simudest.usuario (id_user, email, nombre, apellido1, apellido2, admin, contra) VALUES ('4028b881804768e60180476c596c00026','usuario26_@simudest.com','Francisco','Mauri','Martinez',false,'{bcrypt}$2a$10$FHuB64NpmzX/di/qYnUXsuTeT1L9Rat7xEYFBn.mLs.3Tx6nGOg7C');
INSERT INTO simudest.usuario (id_user, email, nombre, apellido1, apellido2, admin, contra) VALUES ('4028b881804768e60180476c596c00042','usuario42_@simudest.com','Francisco','Ojeda','Martinez',false,'{bcrypt}$2a$10$FHuB64NpmzX/di/qYnUXsuTeT1L9Rat7xEYFBn.mLs.3Tx6nGOg7C');
INSERT INTO simudest.usuario (id_user, email, nombre, apellido1, apellido2, admin, contra) VALUES ('4028b881804768e60180476c596c00037','usuario37_@simudest.com','Francisco Javier','Mondrevilla','Martinez',false,'{bcrypt}$2a$10$FHuB64NpmzX/di/qYnUXsuTeT1L9Rat7xEYFBn.mLs.3Tx6nGOg7C');
INSERT INTO simudest.usuario (id_user, email, nombre, apellido1, apellido2, admin, contra) VALUES ('4028b881804768e60180476c596c000167','usuario167_@simudest.com','Gaineko','Garrigosa','Martinez',false,'{bcrypt}$2a$10$FHuB64NpmzX/di/qYnUXsuTeT1L9Rat7xEYFBn.mLs.3Tx6nGOg7C');
INSERT INTO simudest.usuario (id_user, email, nombre, apellido1, apellido2, admin, contra) VALUES ('4028b881804768e60180476c596c000109','usuario109_@simudest.com','Glicerio','Amores','Martinez',false,'{bcrypt}$2a$10$FHuB64NpmzX/di/qYnUXsuTeT1L9Rat7xEYFBn.mLs.3Tx6nGOg7C');
INSERT INTO simudest.usuario (id_user, email, nombre, apellido1, apellido2, admin, contra) VALUES ('4028b881804768e60180476c596c00053','usuario53_@simudest.com','Griselda','Peralta','Martin',false,'{bcrypt}$2a$10$FHuB64NpmzX/di/qYnUXsuTeT1L9Rat7xEYFBn.mLs.3Tx6nGOg7C');
INSERT INTO simudest.usuario (id_user, email, nombre, apellido1, apellido2, admin, contra) VALUES ('4028b881804768e60180476c596c00067','usuario67_@simudest.com','Guillem','Ruiz','Maroto',false,'{bcrypt}$2a$10$FHuB64NpmzX/di/qYnUXsuTeT1L9Rat7xEYFBn.mLs.3Tx6nGOg7C');
INSERT INTO simudest.usuario (id_user, email, nombre, apellido1, apellido2, admin, contra) VALUES ('4028b881804768e60180476c596c00080','usuario80_@simudest.com','Herfes','Signenza','Marcos',false,'{bcrypt}$2a$10$FHuB64NpmzX/di/qYnUXsuTeT1L9Rat7xEYFBn.mLs.3Tx6nGOg7C');
INSERT INTO simudest.usuario (id_user, email, nombre, apellido1, apellido2, admin, contra) VALUES ('4028b881804768e60180476c596c000143','usuario143_@simudest.com','Herundina','Espejo','Manjon',false,'{bcrypt}$2a$10$FHuB64NpmzX/di/qYnUXsuTeT1L9Rat7xEYFBn.mLs.3Tx6nGOg7C');
INSERT INTO simudest.usuario (id_user, email, nombre, apellido1, apellido2, admin, contra) VALUES ('4028b881804768e60180476c596c00088','usuario88_@simudest.com','Hortensio','Tubau','Mamed',false,'{bcrypt}$2a$10$FHuB64NpmzX/di/qYnUXsuTeT1L9Rat7xEYFBn.mLs.3Tx6nGOg7C');
INSERT INTO simudest.usuario (id_user, email, nombre, apellido1, apellido2, admin, contra) VALUES ('4028b881804768e60180476c596c000132','usuario132_@simudest.com','Housecat','Cerezo','Malagon',false,'{bcrypt}$2a$10$FHuB64NpmzX/di/qYnUXsuTeT1L9Rat7xEYFBn.mLs.3Tx6nGOg7C');
INSERT INTO simudest.usuario (id_user, email, nombre, apellido1, apellido2, admin, contra) VALUES ('4028b881804768e60180476c596c00028','usuario28_@simudest.com','Ines Maria','Meco','Luna',false,'{bcrypt}$2a$10$FHuB64NpmzX/di/qYnUXsuTeT1L9Rat7xEYFBn.mLs.3Tx6nGOg7C');
INSERT INTO simudest.usuario (id_user, email, nombre, apellido1, apellido2, admin, contra) VALUES ('4028b881804768e60180476c596c00054','usuario54_@simudest.com','Inmaculada','Perena','Lorenzo',false,'{bcrypt}$2a$10$FHuB64NpmzX/di/qYnUXsuTeT1L9Rat7xEYFBn.mLs.3Tx6nGOg7C');
INSERT INTO simudest.usuario (id_user, email, nombre, apellido1, apellido2, admin, contra) VALUES ('4028b881804768e60180476c596c00061','usuario61_@simudest.com','Inmaculada','Rodriguez','Lopez',false,'{bcrypt}$2a$10$FHuB64NpmzX/di/qYnUXsuTeT1L9Rat7xEYFBn.mLs.3Tx6nGOg7C');
INSERT INTO simudest.usuario (id_user, email, nombre, apellido1, apellido2, admin, contra) VALUES ('4028b881804768e60180476c596c000115','usuario115_@simudest.com','Jacint','Artolazabal','Lopez',false,'{bcrypt}$2a$10$FHuB64NpmzX/di/qYnUXsuTeT1L9Rat7xEYFBn.mLs.3Tx6nGOg7C');
INSERT INTO simudest.usuario (id_user, email, nombre, apellido1, apellido2, admin, contra) VALUES ('4028b881804768e60180476c596c00034','usuario34_@simudest.com','Javier','Molina','Lopez',false,'{bcrypt}$2a$10$FHuB64NpmzX/di/qYnUXsuTeT1L9Rat7xEYFBn.mLs.3Tx6nGOg7C');
INSERT INTO simudest.usuario (id_user, email, nombre, apellido1, apellido2, admin, contra) VALUES ('4028b881804768e60180476c596c00032','usuario32_@simudest.com','Jessica','Miera','Loma',false,'{bcrypt}$2a$10$FHuB64NpmzX/di/qYnUXsuTeT1L9Rat7xEYFBn.mLs.3Tx6nGOg7C');
INSERT INTO simudest.usuario (id_user, email, nombre, apellido1, apellido2, admin, contra) VALUES ('4028b881804768e60180476c596c00069','usuario69_@simudest.com','Jesus','Ruiz','Lolo',false,'{bcrypt}$2a$10$FHuB64NpmzX/di/qYnUXsuTeT1L9Rat7xEYFBn.mLs.3Tx6nGOg7C');
INSERT INTO simudest.usuario (id_user, email, nombre, apellido1, apellido2, admin, contra) VALUES ('4028b881804768e60180476c596c000134','usuario134_@simudest.com','Joaquin','Chicharro','Llorente',false,'{bcrypt}$2a$10$FHuB64NpmzX/di/qYnUXsuTeT1L9Rat7xEYFBn.mLs.3Tx6nGOg7C');
INSERT INTO simudest.usuario (id_user, email, nombre, apellido1, apellido2, admin, contra) VALUES ('4028b881804768e60180476c596c00018','usuario18_@simudest.com','Joaquin','Guerrero','Llobet',false,'{bcrypt}$2a$10$FHuB64NpmzX/di/qYnUXsuTeT1L9Rat7xEYFBn.mLs.3Tx6nGOg7C');
INSERT INTO simudest.usuario (id_user, email, nombre, apellido1, apellido2, admin, contra) VALUES ('4028b881804768e60180476c596c000148','usuario148_@simudest.com','Jorky','Fabrega','Lledias',false,'{bcrypt}$2a$10$FHuB64NpmzX/di/qYnUXsuTeT1L9Rat7xEYFBn.mLs.3Tx6nGOg7C');
INSERT INTO simudest.usuario (id_user, email, nombre, apellido1, apellido2, admin, contra) VALUES ('4028b881804768e60180476c596c000149','usuario149_@simudest.com','Jose','Fernandez','Jimilio',false,'{bcrypt}$2a$10$FHuB64NpmzX/di/qYnUXsuTeT1L9Rat7xEYFBn.mLs.3Tx6nGOg7C');
INSERT INTO simudest.usuario (id_user, email, nombre, apellido1, apellido2, admin, contra) VALUES ('4028b881804768e60180476c596c00021','usuario21_@simudest.com','Jose','Martinez','Jara',false,'{bcrypt}$2a$10$FHuB64NpmzX/di/qYnUXsuTeT1L9Rat7xEYFBn.mLs.3Tx6nGOg7C');
INSERT INTO simudest.usuario (id_user, email, nombre, apellido1, apellido2, admin, contra) VALUES ('4028b881804768e60180476c596c00047','usuario47_@simudest.com','Jose','Ortega','Izuriaga',false,'{bcrypt}$2a$10$FHuB64NpmzX/di/qYnUXsuTeT1L9Rat7xEYFBn.mLs.3Tx6nGOg7C');
INSERT INTO simudest.usuario (id_user, email, nombre, apellido1, apellido2, admin, contra) VALUES ('4028b881804768e60180476c596c00048','usuario48_@simudest.com','Jose Antonio','Osorio','Iglesias',false,'{bcrypt}$2a$10$FHuB64NpmzX/di/qYnUXsuTeT1L9Rat7xEYFBn.mLs.3Tx6nGOg7C');
INSERT INTO simudest.usuario (id_user, email, nombre, apellido1, apellido2, admin, contra) VALUES ('4028b881804768e60180476c596c00051','usuario51_@simudest.com','Jose Antonio','Payarols','Hurtado',false,'{bcrypt}$2a$10$FHuB64NpmzX/di/qYnUXsuTeT1L9Rat7xEYFBn.mLs.3Tx6nGOg7C');
INSERT INTO simudest.usuario (id_user, email, nombre, apellido1, apellido2, admin, contra) VALUES ('4028b881804768e60180476c596c00011','usuario11_@simudest.com','Jose Luis','Andrade','Horrillo',false,'{bcrypt}$2a$10$FHuB64NpmzX/di/qYnUXsuTeT1L9Rat7xEYFBn.mLs.3Tx6nGOg7C');
INSERT INTO simudest.usuario (id_user, email, nombre, apellido1, apellido2, admin, contra) VALUES ('4028b881804768e60180476c596c00073','usuario73_@simudest.com','Jose Luis','Salmeron','Herraiz',false,'{bcrypt}$2a$10$FHuB64NpmzX/di/qYnUXsuTeT1L9Rat7xEYFBn.mLs.3Tx6nGOg7C');
INSERT INTO simudest.usuario (id_user, email, nombre, apellido1, apellido2, admin, contra) VALUES ('4028b881804768e60180476c596c000203','usuario203_@simudest.com','Joseluis','Maria','Hernandez',false,'{bcrypt}$2a$10$FHuB64NpmzX/di/qYnUXsuTeT1L9Rat7xEYFBn.mLs.3Tx6nGOg7C');
INSERT INTO simudest.usuario (id_user, email, nombre, apellido1, apellido2, admin, contra) VALUES ('4028b881804768e60180476c596c000159','usuario159_@simudest.com','Juan','Garavito','Hernandez',false,'{bcrypt}$2a$10$FHuB64NpmzX/di/qYnUXsuTeT1L9Rat7xEYFBn.mLs.3Tx6nGOg7C');
INSERT INTO simudest.usuario (id_user, email, nombre, apellido1, apellido2, admin, contra) VALUES ('4028b881804768e60180476c596c00024','usuario24_@simudest.com','Juan Miguel','Mascarenas','Hernandez',false,'{bcrypt}$2a$10$FHuB64NpmzX/di/qYnUXsuTeT1L9Rat7xEYFBn.mLs.3Tx6nGOg7C');
INSERT INTO simudest.usuario (id_user, email, nombre, apellido1, apellido2, admin, contra) VALUES ('4028b881804768e60180476c596c0005','usuario5_@simudest.com','Juan Pedro','Paneda','Guzman',false,'{bcrypt}$2a$10$FHuB64NpmzX/di/qYnUXsuTeT1L9Rat7xEYFBn.mLs.3Tx6nGOg7C');
INSERT INTO simudest.usuario (id_user, email, nombre, apellido1, apellido2, admin, contra) VALUES ('4028b881804768e60180476c596c000158','usuario158_@simudest.com','Kiss','Galvez','Gutierrez',false,'{bcrypt}$2a$10$FHuB64NpmzX/di/qYnUXsuTeT1L9Rat7xEYFBn.mLs.3Tx6nGOg7C');
INSERT INTO simudest.usuario (id_user, email, nombre, apellido1, apellido2, admin, contra) VALUES ('4028b881804768e60180476c596c00068','usuario68_@simudest.com','Luis Miguel','Ruiz','Gonzalez',false,'{bcrypt}$2a$10$FHuB64NpmzX/di/qYnUXsuTeT1L9Rat7xEYFBn.mLs.3Tx6nGOg7C');
INSERT INTO simudest.usuario (id_user, email, nombre, apellido1, apellido2, admin, contra) VALUES ('4028b881804768e60180476c596c000177','usuario177_@simudest.com','Maguer','Gordo','Gomez',false,'{bcrypt}$2a$10$FHuB64NpmzX/di/qYnUXsuTeT1L9Rat7xEYFBn.mLs.3Tx6nGOg7C');
INSERT INTO simudest.usuario (id_user, email, nombre, apellido1, apellido2, admin, contra) VALUES ('4028b881804768e60180476c596c00065','usuario65_@simudest.com','Maitane','Rubiano','Gil',false,'{bcrypt}$2a$10$FHuB64NpmzX/di/qYnUXsuTeT1L9Rat7xEYFBn.mLs.3Tx6nGOg7C');
INSERT INTO simudest.usuario (id_user, email, nombre, apellido1, apellido2, admin, contra) VALUES ('4028b881804768e60180476c596c00012','usuario12_@simudest.com','Manu','Bellot','Gascon',false,'{bcrypt}$2a$10$FHuB64NpmzX/di/qYnUXsuTeT1L9Rat7xEYFBn.mLs.3Tx6nGOg7C');
INSERT INTO simudest.usuario (id_user, email, nombre, apellido1, apellido2, admin, contra) VALUES ('4028b881804768e60180476c596c00022','usuario22_@simudest.com','Manuel','Martinez','Garrido',false,'{bcrypt}$2a$10$FHuB64NpmzX/di/qYnUXsuTeT1L9Rat7xEYFBn.mLs.3Tx6nGOg7C');
INSERT INTO simudest.usuario (id_user, email, nombre, apellido1, apellido2, admin, contra) VALUES ('4028b881804768e60180476c596c00029','usuario29_@simudest.com','Manuel','Medrano','Garmendia',false,'{bcrypt}$2a$10$FHuB64NpmzX/di/qYnUXsuTeT1L9Rat7xEYFBn.mLs.3Tx6nGOg7C');
INSERT INTO simudest.usuario (id_user, email, nombre, apellido1, apellido2, admin, contra) VALUES ('4028b881804768e60180476c596c00097','usuario97_@simudest.com','Manuel','Yepes','Garijo',false,'{bcrypt}$2a$10$FHuB64NpmzX/di/qYnUXsuTeT1L9Rat7xEYFBn.mLs.3Tx6nGOg7C');
INSERT INTO simudest.usuario (id_user, email, nombre, apellido1, apellido2, admin, contra) VALUES ('4028b881804768e60180476c596c00027','usuario27_@simudest.com','Manuela','Mazariegos','Garcia',false,'{bcrypt}$2a$10$FHuB64NpmzX/di/qYnUXsuTeT1L9Rat7xEYFBn.mLs.3Tx6nGOg7C');
INSERT INTO simudest.usuario (id_user, email, nombre, apellido1, apellido2, admin, contra) VALUES ('4028b881804768e60180476c596c000108','usuario108_@simudest.com','Manuelgarcia','Ameda','Garcia',false,'{bcrypt}$2a$10$FHuB64NpmzX/di/qYnUXsuTeT1L9Rat7xEYFBn.mLs.3Tx6nGOg7C');
INSERT INTO simudest.usuario (id_user, email, nombre, apellido1, apellido2, admin, contra) VALUES ('4028b881804768e60180476c596c000131','usuario131_@simudest.com','Manuelramirez','Carpintero','Garcia',false,'{bcrypt}$2a$10$FHuB64NpmzX/di/qYnUXsuTeT1L9Rat7xEYFBn.mLs.3Tx6nGOg7C');
INSERT INTO simudest.usuario (id_user, email, nombre, apellido1, apellido2, admin, contra) VALUES ('4028b881804768e60180476c596c000146','usuario146_@simudest.com','Manuvi','Esqueira','Garcia',false,'{bcrypt}$2a$10$FHuB64NpmzX/di/qYnUXsuTeT1L9Rat7xEYFBn.mLs.3Tx6nGOg7C');
INSERT INTO simudest.usuario (id_user, email, nombre, apellido1, apellido2, admin, contra) VALUES ('4028b881804768e60180476c596c000170','usuario170_@simudest.com','Marcososa','Gonzalez','Gaona',false,'{bcrypt}$2a$10$FHuB64NpmzX/di/qYnUXsuTeT1L9Rat7xEYFBn.mLs.3Tx6nGOg7C');
INSERT INTO simudest.usuario (id_user, email, nombre, apellido1, apellido2, admin, contra) VALUES ('4028b881804768e60180476c596c00072','usuario72_@simudest.com','Maria','Salgado','Gamiz',false,'{bcrypt}$2a$10$FHuB64NpmzX/di/qYnUXsuTeT1L9Rat7xEYFBn.mLs.3Tx6nGOg7C');
INSERT INTO simudest.usuario (id_user, email, nombre, apellido1, apellido2, admin, contra) VALUES ('4028b881804768e60180476c596c00091','usuario91_@simudest.com','Maria','Vazquez','Galan',false,'{bcrypt}$2a$10$FHuB64NpmzX/di/qYnUXsuTeT1L9Rat7xEYFBn.mLs.3Tx6nGOg7C');
INSERT INTO simudest.usuario (id_user, email, nombre, apellido1, apellido2, admin, contra) VALUES ('4028b881804768e60180476c596c0006','usuario6_@simudest.com','Maria Concepcion','Ramirez','Frances',false,'{bcrypt}$2a$10$FHuB64NpmzX/di/qYnUXsuTeT1L9Rat7xEYFBn.mLs.3Tx6nGOg7C');
INSERT INTO simudest.usuario (id_user, email, nombre, apellido1, apellido2, admin, contra) VALUES ('4028b881804768e60180476c596c00070','usuario70_@simudest.com','Maria Jesus','Saenz','Fontanillo',false,'{bcrypt}$2a$10$FHuB64NpmzX/di/qYnUXsuTeT1L9Rat7xEYFBn.mLs.3Tx6nGOg7C');
INSERT INTO simudest.usuario (id_user, email, nombre, apellido1, apellido2, admin, contra) VALUES ('4028b881804768e60180476c596c00055','usuario55_@simudest.com','Maria Teresa','Perez','Flores',false,'{bcrypt}$2a$10$FHuB64NpmzX/di/qYnUXsuTeT1L9Rat7xEYFBn.mLs.3Tx6nGOg7C');
INSERT INTO simudest.usuario (id_user, email, nombre, apellido1, apellido2, admin, contra) VALUES ('4028b881804768e60180476c596c00017','usuario17_@simudest.com','Marta','Gonzalez','Faura',false,'{bcrypt}$2a$10$FHuB64NpmzX/di/qYnUXsuTeT1L9Rat7xEYFBn.mLs.3Tx6nGOg7C');
INSERT INTO simudest.usuario (id_user, email, nombre, apellido1, apellido2, admin, contra) VALUES ('4028b881804768e60180476c596c0002','usuario2_@simudest.com','Marta','Lopez','Eugenia',false,'{bcrypt}$2a$10$FHuB64NpmzX/di/qYnUXsuTeT1L9Rat7xEYFBn.mLs.3Tx6nGOg7C');
INSERT INTO simudest.usuario (id_user, email, nombre, apellido1, apellido2, admin, contra) VALUES ('4028b881804768e60180476c596c00077','usuario77_@simudest.com','Marta','Sanchez','Escartin',false,'{bcrypt}$2a$10$FHuB64NpmzX/di/qYnUXsuTeT1L9Rat7xEYFBn.mLs.3Tx6nGOg7C');
INSERT INTO simudest.usuario (id_user, email, nombre, apellido1, apellido2, admin, contra) VALUES ('4028b881804768e60180476c596c000136','usuario136_@simudest.com','Maseda','Coll','Ermua',false,'{bcrypt}$2a$10$FHuB64NpmzX/di/qYnUXsuTeT1L9Rat7xEYFBn.mLs.3Tx6nGOg7C');
INSERT INTO simudest.usuario (id_user, email, nombre, apellido1, apellido2, admin, contra) VALUES ('4028b881804768e60180476c596c000191','usuario191_@simudest.com','Mateo','Lafuente','Entrena',false,'{bcrypt}$2a$10$FHuB64NpmzX/di/qYnUXsuTeT1L9Rat7xEYFBn.mLs.3Tx6nGOg7C');
INSERT INTO simudest.usuario (id_user, email, nombre, apellido1, apellido2, admin, contra) VALUES ('4028b881804768e60180476c596c00093','usuario93_@simudest.com','Mayya','Vega','Enguita',false,'{bcrypt}$2a$10$FHuB64NpmzX/di/qYnUXsuTeT1L9Rat7xEYFBn.mLs.3Tx6nGOg7C');
INSERT INTO simudest.usuario (id_user, email, nombre, apellido1, apellido2, admin, contra) VALUES ('4028b881804768e60180476c596c000165','usuario165_@simudest.com','Mchesi','Garcia','Egea',false,'{bcrypt}$2a$10$FHuB64NpmzX/di/qYnUXsuTeT1L9Rat7xEYFBn.mLs.3Tx6nGOg7C');
INSERT INTO simudest.usuario (id_user, email, nombre, apellido1, apellido2, admin, contra) VALUES ('4028b881804768e60180476c596c00064','usuario64_@simudest.com','Miguel Angel','Rubiales','Dorrego',false,'{bcrypt}$2a$10$FHuB64NpmzX/di/qYnUXsuTeT1L9Rat7xEYFBn.mLs.3Tx6nGOg7C');
INSERT INTO simudest.usuario (id_user, email, nombre, apellido1, apellido2, admin, contra) VALUES ('4028b881804768e60180476c596c000123','usuario123_@simudest.com','Milagros','Blanco','Donallo',false,'{bcrypt}$2a$10$FHuB64NpmzX/di/qYnUXsuTeT1L9Rat7xEYFBn.mLs.3Tx6nGOg7C');
INSERT INTO simudest.usuario (id_user, email, nombre, apellido1, apellido2, admin, contra) VALUES ('4028b881804768e60180476c596c000186','usuario186_@simudest.com','Miriam','Infante','Dominguez',false,'{bcrypt}$2a$10$FHuB64NpmzX/di/qYnUXsuTeT1L9Rat7xEYFBn.mLs.3Tx6nGOg7C');
INSERT INTO simudest.usuario (id_user, email, nombre, apellido1, apellido2, admin, contra) VALUES ('4028b881804768e60180476c596c00025','usuario25_@simudest.com','Miriam','Matuta','Domiguez',false,'{bcrypt}$2a$10$FHuB64NpmzX/di/qYnUXsuTeT1L9Rat7xEYFBn.mLs.3Tx6nGOg7C');
INSERT INTO simudest.usuario (id_user, email, nombre, apellido1, apellido2, admin, contra) VALUES ('4028b881804768e60180476c596c000160','usuario160_@simudest.com','Moiker','Garcia','Diaz',false,'{bcrypt}$2a$10$FHuB64NpmzX/di/qYnUXsuTeT1L9Rat7xEYFBn.mLs.3Tx6nGOg7C');
INSERT INTO simudest.usuario (id_user, email, nombre, apellido1, apellido2, admin, contra) VALUES ('4028b881804768e60180476c596c000195','usuario195_@simudest.com','Montserrat','Linares','Diaz',false,'{bcrypt}$2a$10$FHuB64NpmzX/di/qYnUXsuTeT1L9Rat7xEYFBn.mLs.3Tx6nGOg7C');
INSERT INTO simudest.usuario (id_user, email, nombre, apellido1, apellido2, admin, contra) VALUES ('4028b881804768e60180476c596c00082','usuario82_@simudest.com','Mouse','Sordo','Del Moral',false,'{bcrypt}$2a$10$FHuB64NpmzX/di/qYnUXsuTeT1L9Rat7xEYFBn.mLs.3Tx6nGOg7C');
INSERT INTO simudest.usuario (id_user, email, nombre, apellido1, apellido2, admin, contra) VALUES ('4028b881804768e60180476c596c000180','usuario180_@simudest.com','Napoleon','Guerrero','De Cruz',false,'{bcrypt}$2a$10$FHuB64NpmzX/di/qYnUXsuTeT1L9Rat7xEYFBn.mLs.3Tx6nGOg7C');
INSERT INTO simudest.usuario (id_user, email, nombre, apellido1, apellido2, admin, contra) VALUES ('4028b881804768e60180476c596c00076','usuario76_@simudest.com','Nerea','Sanchez','Cuevas',false,'{bcrypt}$2a$10$FHuB64NpmzX/di/qYnUXsuTeT1L9Rat7xEYFBn.mLs.3Tx6nGOg7C');
INSERT INTO simudest.usuario (id_user, email, nombre, apellido1, apellido2, admin, contra) VALUES ('4028b881804768e60180476c596c0007','usuario7_@simudest.com','Noelia','Saavedra','Cubillas',false,'{bcrypt}$2a$10$FHuB64NpmzX/di/qYnUXsuTeT1L9Rat7xEYFBn.mLs.3Tx6nGOg7C');
INSERT INTO simudest.usuario (id_user, email, nombre, apellido1, apellido2, admin, contra) VALUES ('4028b881804768e60180476c596c000104','usuario104_@simudest.com','Nonito','Alonso','Cuadrillero',false,'{bcrypt}$2a$10$FHuB64NpmzX/di/qYnUXsuTeT1L9Rat7xEYFBn.mLs.3Tx6nGOg7C');
INSERT INTO simudest.usuario (id_user, email, nombre, apellido1, apellido2, admin, contra) VALUES ('4028b881804768e60180476c596c000102','usuario102_@simudest.com','Norma','Alemparte','Cotero',false,'{bcrypt}$2a$10$FHuB64NpmzX/di/qYnUXsuTeT1L9Rat7xEYFBn.mLs.3Tx6nGOg7C');
INSERT INTO simudest.usuario (id_user, email, nombre, apellido1, apellido2, admin, contra) VALUES ('4028b881804768e60180476c596c000172','usuario172_@simudest.com','Nuria','Gonzalez','Correduria',false,'{bcrypt}$2a$10$FHuB64NpmzX/di/qYnUXsuTeT1L9Rat7xEYFBn.mLs.3Tx6nGOg7C');
INSERT INTO simudest.usuario (id_user, email, nombre, apellido1, apellido2, admin, contra) VALUES ('4028b881804768e60180476c596c00084','usuario84_@simudest.com','Osarcas','Suarez','Corel',false,'{bcrypt}$2a$10$FHuB64NpmzX/di/qYnUXsuTeT1L9Rat7xEYFBn.mLs.3Tx6nGOg7C');
INSERT INTO simudest.usuario (id_user, email, nombre, apellido1, apellido2, admin, contra) VALUES ('4028b881804768e60180476c596c000110','usuario110_@simudest.com','Oscar','Anduaga','Cordovilla',false,'{bcrypt}$2a$10$FHuB64NpmzX/di/qYnUXsuTeT1L9Rat7xEYFBn.mLs.3Tx6nGOg7C');
INSERT INTO simudest.usuario (id_user, email, nombre, apellido1, apellido2, admin, contra) VALUES ('4028b881804768e60180476c596c000200','usuario200_@simudest.com','Oscar','Maestro','Cordeiro',false,'{bcrypt}$2a$10$FHuB64NpmzX/di/qYnUXsuTeT1L9Rat7xEYFBn.mLs.3Tx6nGOg7C');
INSERT INTO simudest.usuario (id_user, email, nombre, apellido1, apellido2, admin, contra) VALUES ('4028b881804768e60180476c596c000188','usuario188_@simudest.com','Paola','Izquierdo','Collazos',false,'{bcrypt}$2a$10$FHuB64NpmzX/di/qYnUXsuTeT1L9Rat7xEYFBn.mLs.3Tx6nGOg7C');
INSERT INTO simudest.usuario (id_user, email, nombre, apellido1, apellido2, admin, contra) VALUES ('4028b881804768e60180476c596c000183','usuario183_@simudest.com','Patricia','Heredia','Cobredo',false,'{bcrypt}$2a$10$FHuB64NpmzX/di/qYnUXsuTeT1L9Rat7xEYFBn.mLs.3Tx6nGOg7C');
INSERT INTO simudest.usuario (id_user, email, nombre, apellido1, apellido2, admin, contra) VALUES ('4028b881804768e60180476c596c00078','usuario78_@simudest.com','Patricia','Sequeiros','Ciudad',false,'{bcrypt}$2a$10$FHuB64NpmzX/di/qYnUXsuTeT1L9Rat7xEYFBn.mLs.3Tx6nGOg7C');
INSERT INTO simudest.usuario (id_user, email, nombre, apellido1, apellido2, admin, contra) VALUES ('4028b881804768e60180476c596c00083','usuario83_@simudest.com','Patricia','Suarez','Ciprian',false,'{bcrypt}$2a$10$FHuB64NpmzX/di/qYnUXsuTeT1L9Rat7xEYFBn.mLs.3Tx6nGOg7C');
INSERT INTO simudest.usuario (id_user, email, nombre, apellido1, apellido2, admin, contra) VALUES ('4028b881804768e60180476c596c000161','usuario161_@simudest.com','Paula','Garcia','Chumpitaz',false,'{bcrypt}$2a$10$FHuB64NpmzX/di/qYnUXsuTeT1L9Rat7xEYFBn.mLs.3Tx6nGOg7C');
INSERT INTO simudest.usuario (id_user, email, nombre, apellido1, apellido2, admin, contra) VALUES ('4028b881804768e60180476c596c00094','usuario94_@simudest.com','Paula','Velez','Chaves',false,'{bcrypt}$2a$10$FHuB64NpmzX/di/qYnUXsuTeT1L9Rat7xEYFBn.mLs.3Tx6nGOg7C');
INSERT INTO simudest.usuario (id_user, email, nombre, apellido1, apellido2, admin, contra) VALUES ('4028b881804768e60180476c596c000166','usuario166_@simudest.com','Pedro','Garmendia','Chavarre',false,'{bcrypt}$2a$10$FHuB64NpmzX/di/qYnUXsuTeT1L9Rat7xEYFBn.mLs.3Tx6nGOg7C');
INSERT INTO simudest.usuario (id_user, email, nombre, apellido1, apellido2, admin, contra) VALUES ('4028b881804768e60180476c596c000199','usuario199_@simudest.com','Pedro','Lopez','Centenales',false,'{bcrypt}$2a$10$FHuB64NpmzX/di/qYnUXsuTeT1L9Rat7xEYFBn.mLs.3Tx6nGOg7C');
INSERT INTO simudest.usuario (id_user, email, nombre, apellido1, apellido2, admin, contra) VALUES ('4028b881804768e60180476c596c000162','usuario162_@simudest.com','Periko30','Garcia','Celama',false,'{bcrypt}$2a$10$FHuB64NpmzX/di/qYnUXsuTeT1L9Rat7xEYFBn.mLs.3Tx6nGOg7C');
INSERT INTO simudest.usuario (id_user, email, nombre, apellido1, apellido2, admin, contra) VALUES ('4028b881804768e60180476c596c000107','usuario107_@simudest.com','Pirulo','Alves','Castiella',false,'{bcrypt}$2a$10$FHuB64NpmzX/di/qYnUXsuTeT1L9Rat7xEYFBn.mLs.3Tx6nGOg7C');
INSERT INTO simudest.usuario (id_user, email, nombre, apellido1, apellido2, admin, contra) VALUES ('4028b881804768e60180476c596c000112','usuario112_@simudest.com','Pol','Argomedo','Carreira',false,'{bcrypt}$2a$10$FHuB64NpmzX/di/qYnUXsuTeT1L9Rat7xEYFBn.mLs.3Tx6nGOg7C');
INSERT INTO simudest.usuario (id_user, email, nombre, apellido1, apellido2, admin, contra) VALUES ('4028b881804768e60180476c596c000121','usuario121_@simudest.com','Porcia','Bernabeu','Carpio',false,'{bcrypt}$2a$10$FHuB64NpmzX/di/qYnUXsuTeT1L9Rat7xEYFBn.mLs.3Tx6nGOg7C');
INSERT INTO simudest.usuario (id_user, email, nombre, apellido1, apellido2, admin, contra) VALUES ('4028b881804768e60180476c596c000103','usuario103_@simudest.com','Puri','Aleso','Carneiro',false,'{bcrypt}$2a$10$FHuB64NpmzX/di/qYnUXsuTeT1L9Rat7xEYFBn.mLs.3Tx6nGOg7C');
INSERT INTO simudest.usuario (id_user, email, nombre, apellido1, apellido2, admin, contra) VALUES ('4028b881804768e60180476c596c000156','usuario156_@simudest.com','Rafael','Fuentes','Cardena',false,'{bcrypt}$2a$10$FHuB64NpmzX/di/qYnUXsuTeT1L9Rat7xEYFBn.mLs.3Tx6nGOg7C');
INSERT INTO simudest.usuario (id_user, email, nombre, apellido1, apellido2, admin, contra) VALUES ('4028b881804768e60180476c596c000144','usuario144_@simudest.com','Rafaela','Espino','Carbonell',false,'{bcrypt}$2a$10$FHuB64NpmzX/di/qYnUXsuTeT1L9Rat7xEYFBn.mLs.3Tx6nGOg7C');
INSERT INTO simudest.usuario (id_user, email, nombre, apellido1, apellido2, admin, contra) VALUES ('4028b881804768e60180476c596c000196','usuario196_@simudest.com','Raimon','Llarena','Canon',false,'{bcrypt}$2a$10$FHuB64NpmzX/di/qYnUXsuTeT1L9Rat7xEYFBn.mLs.3Tx6nGOg7C');
INSERT INTO simudest.usuario (id_user, email, nombre, apellido1, apellido2, admin, contra) VALUES ('4028b881804768e60180476c596c000155','usuario155_@simudest.com','Ramblazo','Franza','Cano',false,'{bcrypt}$2a$10$FHuB64NpmzX/di/qYnUXsuTeT1L9Rat7xEYFBn.mLs.3Tx6nGOg7C');
INSERT INTO simudest.usuario (id_user, email, nombre, apellido1, apellido2, admin, contra) VALUES ('4028b881804768e60180476c596c000111','usuario111_@simudest.com','Ramon','Arco','Caneda',false,'{bcrypt}$2a$10$FHuB64NpmzX/di/qYnUXsuTeT1L9Rat7xEYFBn.mLs.3Tx6nGOg7C');
INSERT INTO simudest.usuario (id_user, email, nombre, apellido1, apellido2, admin, contra) VALUES ('4028b881804768e60180476c596c00043','usuario43_@simudest.com','Ramona','Olea','Candina',false,'{bcrypt}$2a$10$FHuB64NpmzX/di/qYnUXsuTeT1L9Rat7xEYFBn.mLs.3Tx6nGOg7C');
INSERT INTO simudest.usuario (id_user, email, nombre, apellido1, apellido2, admin, contra) VALUES ('4028b881804768e60180476c596c000193','usuario193_@simudest.com','Raquel','Lebon','Cabrerizo',false,'{bcrypt}$2a$10$FHuB64NpmzX/di/qYnUXsuTeT1L9Rat7xEYFBn.mLs.3Tx6nGOg7C');
INSERT INTO simudest.usuario (id_user, email, nombre, apellido1, apellido2, admin, contra) VALUES ('4028b881804768e60180476c596c0008','usuario8_@simudest.com','Raquel','Sierra','Cabrera',false,'{bcrypt}$2a$10$FHuB64NpmzX/di/qYnUXsuTeT1L9Rat7xEYFBn.mLs.3Tx6nGOg7C');
INSERT INTO simudest.usuario (id_user, email, nombre, apellido1, apellido2, admin, contra) VALUES ('4028b881804768e60180476c596c000204','usuario204_@simudest.com','Raquelester','Martinez','Cabanes',false,'{bcrypt}$2a$10$FHuB64NpmzX/di/qYnUXsuTeT1L9Rat7xEYFBn.mLs.3Tx6nGOg7C');
INSERT INTO simudest.usuario (id_user, email, nombre, apellido1, apellido2, admin, contra) VALUES ('4028b881804768e60180476c596c000117','usuario117_@simudest.com','Raul','Asuaga','Burgo',false,'{bcrypt}$2a$10$FHuB64NpmzX/di/qYnUXsuTeT1L9Rat7xEYFBn.mLs.3Tx6nGOg7C');
INSERT INTO simudest.usuario (id_user, email, nombre, apellido1, apellido2, admin, contra) VALUES ('4028b881804768e60180476c596c00098','usuario98_@simudest.com','Ricard','Yuste','Borja',false,'{bcrypt}$2a$10$FHuB64NpmzX/di/qYnUXsuTeT1L9Rat7xEYFBn.mLs.3Tx6nGOg7C');
INSERT INTO simudest.usuario (id_user, email, nombre, apellido1, apellido2, admin, contra) VALUES ('4028b881804768e60180476c596c00013','usuario13_@simudest.com','Robert','Cantos','Bonilla',false,'{bcrypt}$2a$10$FHuB64NpmzX/di/qYnUXsuTeT1L9Rat7xEYFBn.mLs.3Tx6nGOg7C');
INSERT INTO simudest.usuario (id_user, email, nombre, apellido1, apellido2, admin, contra) VALUES ('4028b881804768e60180476c596c000197','usuario197_@simudest.com','Rosa','Lopez','Berrocal',false,'{bcrypt}$2a$10$FHuB64NpmzX/di/qYnUXsuTeT1L9Rat7xEYFBn.mLs.3Tx6nGOg7C');
INSERT INTO simudest.usuario (id_user, email, nombre, apellido1, apellido2, admin, contra) VALUES ('4028b881804768e60180476c596c000145','usuario145_@simudest.com','Ruben','Espinosa','Belmonte',false,'{bcrypt}$2a$10$FHuB64NpmzX/di/qYnUXsuTeT1L9Rat7xEYFBn.mLs.3Tx6nGOg7C');
INSERT INTO simudest.usuario (id_user, email, nombre, apellido1, apellido2, admin, contra) VALUES ('4028b881804768e60180476c596c000137','usuario137_@simudest.com','Rufino','Coracera','Barreiro',false,'{bcrypt}$2a$10$FHuB64NpmzX/di/qYnUXsuTeT1L9Rat7xEYFBn.mLs.3Tx6nGOg7C');
INSERT INTO simudest.usuario (id_user, email, nombre, apellido1, apellido2, admin, contra) VALUES ('4028b881804768e60180476c596c00019','usuario19_@simudest.com','Sandra','Jimenez','Ballester',false,'{bcrypt}$2a$10$FHuB64NpmzX/di/qYnUXsuTeT1L9Rat7xEYFBn.mLs.3Tx6nGOg7C');
INSERT INTO simudest.usuario (id_user, email, nombre, apellido1, apellido2, admin, contra) VALUES ('4028b881804768e60180476c596c000201','usuario201_@simudest.com','Sandra','Manjaleguas','Ayude',false,'{bcrypt}$2a$10$FHuB64NpmzX/di/qYnUXsuTeT1L9Rat7xEYFBn.mLs.3Tx6nGOg7C');
INSERT INTO simudest.usuario (id_user, email, nombre, apellido1, apellido2, admin, contra) VALUES ('4028b881804768e60180476c596c00014','usuario14_@simudest.com','Sara','Del Pozo','Avedillo',false,'{bcrypt}$2a$10$FHuB64NpmzX/di/qYnUXsuTeT1L9Rat7xEYFBn.mLs.3Tx6nGOg7C');
INSERT INTO simudest.usuario (id_user, email, nombre, apellido1, apellido2, admin, contra) VALUES ('4028b881804768e60180476c596c000173','usuario173_@simudest.com','Seneca','Gonzalez','Ascazua',false,'{bcrypt}$2a$10$FHuB64NpmzX/di/qYnUXsuTeT1L9Rat7xEYFBn.mLs.3Tx6nGOg7C');
INSERT INTO simudest.usuario (id_user, email, nombre, apellido1, apellido2, admin, contra) VALUES ('4028b881804768e60180476c596c000178','usuario178_@simudest.com','Sermol','Grado','Artigas',false,'{bcrypt}$2a$10$FHuB64NpmzX/di/qYnUXsuTeT1L9Rat7xEYFBn.mLs.3Tx6nGOg7C');
INSERT INTO simudest.usuario (id_user, email, nombre, apellido1, apellido2, admin, contra) VALUES ('4028b881804768e60180476c596c00066','usuario66_@simudest.com','Silvia','Ruiz','Arras',false,'{bcrypt}$2a$10$FHuB64NpmzX/di/qYnUXsuTeT1L9Rat7xEYFBn.mLs.3Tx6nGOg7C');
INSERT INTO simudest.usuario (id_user, email, nombre, apellido1, apellido2, admin, contra) VALUES ('4028b881804768e60180476c596c000187','usuario187_@simudest.com','Sonia','Irazu','Arbiol',false,'{bcrypt}$2a$10$FHuB64NpmzX/di/qYnUXsuTeT1L9Rat7xEYFBn.mLs.3Tx6nGOg7C');
INSERT INTO simudest.usuario (id_user, email, nombre, apellido1, apellido2, admin, contra) VALUES ('4028b881804768e60180476c596c000124','usuario124_@simudest.com','Stavros','Blanco','Antigua',false,'{bcrypt}$2a$10$FHuB64NpmzX/di/qYnUXsuTeT1L9Rat7xEYFBn.mLs.3Tx6nGOg7C');
INSERT INTO simudest.usuario (id_user, email, nombre, apellido1, apellido2, admin, contra) VALUES ('4028b881804768e60180476c596c000130','usuario130_@simudest.com','Tabarca','Caro','Angulo',false,'{bcrypt}$2a$10$FHuB64NpmzX/di/qYnUXsuTeT1L9Rat7xEYFBn.mLs.3Tx6nGOg7C');
INSERT INTO simudest.usuario (id_user, email, nombre, apellido1, apellido2, admin, contra) VALUES ('4028b881804768e60180476c596c000154','usuario154_@simudest.com','Tadeo','Fraile','Anguciana',false,'{bcrypt}$2a$10$FHuB64NpmzX/di/qYnUXsuTeT1L9Rat7xEYFBn.mLs.3Tx6nGOg7C');
INSERT INTO simudest.usuario (id_user, email, nombre, apellido1, apellido2, admin, contra) VALUES ('4028b881804768e60180476c596c00049','usuario49_@simudest.com','Tamara','Palacios','Alvarez',false,'{bcrypt}$2a$10$FHuB64NpmzX/di/qYnUXsuTeT1L9Rat7xEYFBn.mLs.3Tx6nGOg7C');
INSERT INTO simudest.usuario (id_user, email, nombre, apellido1, apellido2, admin, contra) VALUES ('4028b881804768e60180476c596c000127','usuario127_@simudest.com','Tarkho','Cachon','Alvarez',false,'{bcrypt}$2a$10$FHuB64NpmzX/di/qYnUXsuTeT1L9Rat7xEYFBn.mLs.3Tx6nGOg7C');
INSERT INTO simudest.usuario (id_user, email, nombre, apellido1, apellido2, admin, contra) VALUES ('4028b881804768e60180476c596c000116','usuario116_@simudest.com','Tilo','Arzalaga','Alvarez',false,'{bcrypt}$2a$10$FHuB64NpmzX/di/qYnUXsuTeT1L9Rat7xEYFBn.mLs.3Tx6nGOg7C');
INSERT INTO simudest.usuario (id_user, email, nombre, apellido1, apellido2, admin, contra) VALUES ('4028b881804768e60180476c596c000100','usuario100_@simudest.com','Tomas','Aguera','Alen',false,'{bcrypt}$2a$10$FHuB64NpmzX/di/qYnUXsuTeT1L9Rat7xEYFBn.mLs.3Tx6nGOg7C');
INSERT INTO simudest.usuario (id_user, email, nombre, apellido1, apellido2, admin, contra) VALUES ('4028b881804768e60180476c596c000138','usuario138_@simudest.com','Vicente','Cuadrado','Alava',false,'{bcrypt}$2a$10$FHuB64NpmzX/di/qYnUXsuTeT1L9Rat7xEYFBn.mLs.3Tx6nGOg7C');
INSERT INTO simudest.usuario (id_user, email, nombre, apellido1, apellido2, admin, contra) VALUES ('4028b881804768e60180476c596c000174','usuario174_@simudest.com','Vicente','Gonzalez','Alava',false,'{bcrypt}$2a$10$FHuB64NpmzX/di/qYnUXsuTeT1L9Rat7xEYFBn.mLs.3Tx6nGOg7C');
INSERT INTO simudest.usuario (id_user, email, nombre, apellido1, apellido2, admin, contra) VALUES ('4028b881804768e60180476c596c00030','usuario30_@simudest.com','Virginia','Mendi','Alastuey',false,'{bcrypt}$2a$10$FHuB64NpmzX/di/qYnUXsuTeT1L9Rat7xEYFBn.mLs.3Tx6nGOg7C');
INSERT INTO simudest.usuario (id_user, email, nombre, apellido1, apellido2, admin, contra) VALUES ('4028b881804768e60180476c596c000179','usuario179_@simudest.com','Virgobass','Grisales','Alais',false,'{bcrypt}$2a$10$FHuB64NpmzX/di/qYnUXsuTeT1L9Rat7xEYFBn.mLs.3Tx6nGOg7C');
INSERT INTO simudest.usuario (id_user, email, nombre, apellido1, apellido2, admin, contra) VALUES ('4028b881804768e60180476c596c00089','usuario89_@simudest.com','Vivanda','Ugarriza','Aizpurua',false,'{bcrypt}$2a$10$FHuB64NpmzX/di/qYnUXsuTeT1L9Rat7xEYFBn.mLs.3Tx6nGOg7C');
INSERT INTO simudest.usuario (id_user, email, nombre, apellido1, apellido2, admin, contra) VALUES ('4028b881804768e60180476c596c00056','usuario56_@simudest.com','Xabier','Perez','Aguilar',false,'{bcrypt}$2a$10$FHuB64NpmzX/di/qYnUXsuTeT1L9Rat7xEYFBn.mLs.3Tx6nGOg7C');
INSERT INTO simudest.usuario (id_user, email, nombre, apellido1, apellido2, admin, contra) VALUES ('4028b881804768e60180476c596c00095','usuario95_@simudest.com','Xesusmoron','Villaspasa','Agosta',false,'{bcrypt}$2a$10$FHuB64NpmzX/di/qYnUXsuTeT1L9Rat7xEYFBn.mLs.3Tx6nGOg7C');
INSERT INTO simudest.usuario (id_user, email, nombre, apellido1, apellido2, admin, contra) VALUES ('4028b881804768e60180476c596c00081','usuario81_@simudest.com','Zaida','Silava','Afonte',false,'{bcrypt}$2a$10$FHuB64NpmzX/di/qYnUXsuTeT1L9Rat7xEYFBn.mLs.3Tx6nGOg7C');
INSERT INTO simudest.usuario (id_user, email, nombre, apellido1, apellido2, admin, contra) VALUES ('4028b881804768e60180476c596c000118','usuario118_@simudest.com','Zapius','Baltanas','Abecia',false,'{bcrypt}$2a$10$FHuB64NpmzX/di/qYnUXsuTeT1L9Rat7xEYFBn.mLs.3Tx6nGOg7C');



-- convocatorias
INSERT INTO simudest.convocatoria (id_convo, nombre, id_user, id_organ, id_espec, estado, nopositores, nplazas, palabra) VALUES ('8a09e0b7804ae6bb01804ae768c80000', 'Convocatoria 2019-2020 (completa)', '4028b881804768e60180476c596c0000', 1, 5, 'ON', 25, 25, '12345');
INSERT INTO simudest.convocatoria (id_convo, nombre, id_user, id_organ, id_espec, estado, nopositores, nplazas, palabra) VALUES ('8a09e0b7804ae6bb01804ae768c80001', 'Libre 2021 (con plazas y opositores)', '4028b881804768e60180476c596c00020', 4, 7, 'ON', 50, 50, '12345');
INSERT INTO simudest.convocatoria (id_convo, nombre, id_user, id_organ, id_espec, estado, nopositores, nplazas, palabra) VALUES ('8a09e0b7804ae6bb01804ae768c80002', 'Convocatoria 2022 Libre (con opositores)', '4028b881804768e60180476c596c00060', 4, 5, 'ON', 8, 8, '12345');
INSERT INTO simudest.convocatoria (id_convo, nombre, id_user, id_organ, id_espec, estado, nopositores, nplazas, palabra) VALUES ('8a09e0b7804ae6bb01804ae768c80003', 'Convocatoria 2020 Promocin Interna (vacia)', '4028b881804768e60180476c596c00095', 2, 4, 'ON', 112, 112, '12345');
INSERT INTO simudest.convocatoria (id_convo, nombre, id_user, id_organ, id_espec, estado, nopositores, nplazas, palabra) VALUES ('8a09e0b7804ae6bb01804ae768c80004', 'Convocatoria 2020 (vacia)', '4028b881804768e60180476c596c000118', 4, 6, 'ON', 32, 32, '12345');

-- opositores
INSERT INTO simudest.opositor (id_convo, id_user, validado, orden) VALUES ('8a09e0b7804ae6bb01804ae768c80000', '4028b881804768e60180476c596c0000', true, 1);
INSERT INTO simudest.opositor (id_convo, id_user, validado, orden) VALUES ('8a09e0b7804ae6bb01804ae768c80000', '4028b881804768e60180476c596c0001', true, 2);
INSERT INTO simudest.opositor (id_convo, id_user, validado, orden) VALUES ('8a09e0b7804ae6bb01804ae768c80000', '4028b881804768e60180476c596c0002', true, 3);
INSERT INTO simudest.opositor (id_convo, id_user, validado, orden) VALUES ('8a09e0b7804ae6bb01804ae768c80000', '4028b881804768e60180476c596c0003', true, 6);
INSERT INTO simudest.opositor (id_convo, id_user, validado, orden) VALUES ('8a09e0b7804ae6bb01804ae768c80000', '4028b881804768e60180476c596c0004', true, 7);
INSERT INTO simudest.opositor (id_convo, id_user, validado, orden) VALUES ('8a09e0b7804ae6bb01804ae768c80000', '4028b881804768e60180476c596c0005', true, 9);
INSERT INTO simudest.opositor (id_convo, id_user, validado, orden) VALUES ('8a09e0b7804ae6bb01804ae768c80000', '4028b881804768e60180476c596c0006', true, 10);
INSERT INTO simudest.opositor (id_convo, id_user, validado, orden) VALUES ('8a09e0b7804ae6bb01804ae768c80000', '4028b881804768e60180476c596c0007', true, 11);
INSERT INTO simudest.opositor (id_convo, id_user, validado, orden) VALUES ('8a09e0b7804ae6bb01804ae768c80000', '4028b881804768e60180476c596c0008', true, 14);
INSERT INTO simudest.opositor (id_convo, id_user, validado, orden) VALUES ('8a09e0b7804ae6bb01804ae768c80000', '4028b881804768e60180476c596c0009', true, 15);
INSERT INTO simudest.opositor (id_convo, id_user, validado, orden) VALUES ('8a09e0b7804ae6bb01804ae768c80000', '4028b881804768e60180476c596c00010', true, 16);
INSERT INTO simudest.opositor (id_convo, id_user, validado, orden) VALUES ('8a09e0b7804ae6bb01804ae768c80000', '4028b881804768e60180476c596c00011', true, 17);
INSERT INTO simudest.opositor (id_convo, id_user, validado, orden) VALUES ('8a09e0b7804ae6bb01804ae768c80000', '4028b881804768e60180476c596c00012', true, 18);
INSERT INTO simudest.opositor (id_convo, id_user, validado, orden) VALUES ('8a09e0b7804ae6bb01804ae768c80000', '4028b881804768e60180476c596c00013', true, 20);
INSERT INTO simudest.opositor (id_convo, id_user, validado, orden) VALUES ('8a09e0b7804ae6bb01804ae768c80000', '4028b881804768e60180476c596c00014', true, 21);

INSERT INTO simudest.opositor (id_convo, id_user, validado, orden) VALUES ('8a09e0b7804ae6bb01804ae768c80001', '4028b881804768e60180476c596c00020', true, 1);
INSERT INTO simudest.opositor (id_convo, id_user, validado, orden) VALUES ('8a09e0b7804ae6bb01804ae768c80001', '4028b881804768e60180476c596c00021', true, 2);
INSERT INTO simudest.opositor (id_convo, id_user, validado, orden) VALUES ('8a09e0b7804ae6bb01804ae768c80001', '4028b881804768e60180476c596c00022', false, null);
INSERT INTO simudest.opositor (id_convo, id_user, validado, orden) VALUES ('8a09e0b7804ae6bb01804ae768c80001', '4028b881804768e60180476c596c00023', true, 4);
INSERT INTO simudest.opositor (id_convo, id_user, validado, orden) VALUES ('8a09e0b7804ae6bb01804ae768c80001', '4028b881804768e60180476c596c00024', true, 7);
INSERT INTO simudest.opositor (id_convo, id_user, validado, orden) VALUES ('8a09e0b7804ae6bb01804ae768c80001', '4028b881804768e60180476c596c00025', false, null);
INSERT INTO simudest.opositor (id_convo, id_user, validado, orden) VALUES ('8a09e0b7804ae6bb01804ae768c80001', '4028b881804768e60180476c596c00026', true, 9);
INSERT INTO simudest.opositor (id_convo, id_user, validado, orden) VALUES ('8a09e0b7804ae6bb01804ae768c80001', '4028b881804768e60180476c596c00027', true, 10);
INSERT INTO simudest.opositor (id_convo, id_user, validado, orden) VALUES ('8a09e0b7804ae6bb01804ae768c80001', '4028b881804768e60180476c596c00028', true, 11);
INSERT INTO simudest.opositor (id_convo, id_user, validado, orden) VALUES ('8a09e0b7804ae6bb01804ae768c80001', '4028b881804768e60180476c596c00029', true, 12);
INSERT INTO simudest.opositor (id_convo, id_user, validado, orden) VALUES ('8a09e0b7804ae6bb01804ae768c80001', '4028b881804768e60180476c596c00030', true, 15);
INSERT INTO simudest.opositor (id_convo, id_user, validado, orden) VALUES ('8a09e0b7804ae6bb01804ae768c80001', '4028b881804768e60180476c596c00031', true, 16);
INSERT INTO simudest.opositor (id_convo, id_user, validado, orden) VALUES ('8a09e0b7804ae6bb01804ae768c80001', '4028b881804768e60180476c596c00032', true, 17);
INSERT INTO simudest.opositor (id_convo, id_user, validado, orden) VALUES ('8a09e0b7804ae6bb01804ae768c80001', '4028b881804768e60180476c596c00033', true, 18);
INSERT INTO simudest.opositor (id_convo, id_user, validado, orden) VALUES ('8a09e0b7804ae6bb01804ae768c80001', '4028b881804768e60180476c596c00034', false, null);
INSERT INTO simudest.opositor (id_convo, id_user, validado, orden) VALUES ('8a09e0b7804ae6bb01804ae768c80001', '4028b881804768e60180476c596c00035', true, 21);
INSERT INTO simudest.opositor (id_convo, id_user, validado, orden) VALUES ('8a09e0b7804ae6bb01804ae768c80001', '4028b881804768e60180476c596c00036', true, 25);
INSERT INTO simudest.opositor (id_convo, id_user, validado, orden) VALUES ('8a09e0b7804ae6bb01804ae768c80001', '4028b881804768e60180476c596c00037', true, 26);
INSERT INTO simudest.opositor (id_convo, id_user, validado, orden) VALUES ('8a09e0b7804ae6bb01804ae768c80001', '4028b881804768e60180476c596c00038', true, 27);
INSERT INTO simudest.opositor (id_convo, id_user, validado, orden) VALUES ('8a09e0b7804ae6bb01804ae768c80001', '4028b881804768e60180476c596c00039', false, null);
INSERT INTO simudest.opositor (id_convo, id_user, validado, orden) VALUES ('8a09e0b7804ae6bb01804ae768c80001', '4028b881804768e60180476c596c00040', true, 29);
INSERT INTO simudest.opositor (id_convo, id_user, validado, orden) VALUES ('8a09e0b7804ae6bb01804ae768c80001', '4028b881804768e60180476c596c00041', true, 30);
INSERT INTO simudest.opositor (id_convo, id_user, validado, orden) VALUES ('8a09e0b7804ae6bb01804ae768c80001', '4028b881804768e60180476c596c00042', true, 31);
INSERT INTO simudest.opositor (id_convo, id_user, validado, orden) VALUES ('8a09e0b7804ae6bb01804ae768c80001', '4028b881804768e60180476c596c00043', true, 32);
INSERT INTO simudest.opositor (id_convo, id_user, validado, orden) VALUES ('8a09e0b7804ae6bb01804ae768c80001', '4028b881804768e60180476c596c00044', false, null);
INSERT INTO simudest.opositor (id_convo, id_user, validado, orden) VALUES ('8a09e0b7804ae6bb01804ae768c80001', '4028b881804768e60180476c596c00045', true, 36);
INSERT INTO simudest.opositor (id_convo, id_user, validado, orden) VALUES ('8a09e0b7804ae6bb01804ae768c80001', '4028b881804768e60180476c596c00046', true, 37);
INSERT INTO simudest.opositor (id_convo, id_user, validado, orden) VALUES ('8a09e0b7804ae6bb01804ae768c80001', '4028b881804768e60180476c596c00047', true, 38);
INSERT INTO simudest.opositor (id_convo, id_user, validado, orden) VALUES ('8a09e0b7804ae6bb01804ae768c80001', '4028b881804768e60180476c596c00048', true, 40);
INSERT INTO simudest.opositor (id_convo, id_user, validado, orden) VALUES ('8a09e0b7804ae6bb01804ae768c80001', '4028b881804768e60180476c596c00049', false, null);
INSERT INTO simudest.opositor (id_convo, id_user, validado, orden) VALUES ('8a09e0b7804ae6bb01804ae768c80001', '4028b881804768e60180476c596c00050', true, 42);
INSERT INTO simudest.opositor (id_convo, id_user, validado, orden) VALUES ('8a09e0b7804ae6bb01804ae768c80001', '4028b881804768e60180476c596c00051', true, 43);
INSERT INTO simudest.opositor (id_convo, id_user, validado, orden) VALUES ('8a09e0b7804ae6bb01804ae768c80001', '4028b881804768e60180476c596c00052', true, 44);
INSERT INTO simudest.opositor (id_convo, id_user, validado, orden) VALUES ('8a09e0b7804ae6bb01804ae768c80001', '4028b881804768e60180476c596c00053', true, 45);
INSERT INTO simudest.opositor (id_convo, id_user, validado, orden) VALUES ('8a09e0b7804ae6bb01804ae768c80001', '4028b881804768e60180476c596c00054', false, null);
INSERT INTO simudest.opositor (id_convo, id_user, validado, orden) VALUES ('8a09e0b7804ae6bb01804ae768c80001', '4028b881804768e60180476c596c00055', true, 47);
INSERT INTO simudest.opositor (id_convo, id_user, validado, orden) VALUES ('8a09e0b7804ae6bb01804ae768c80001', '4028b881804768e60180476c596c00056', true, 48);
INSERT INTO simudest.opositor (id_convo, id_user, validado, orden) VALUES ('8a09e0b7804ae6bb01804ae768c80001', '4028b881804768e60180476c596c00057', true, 49);
INSERT INTO simudest.opositor (id_convo, id_user, validado, orden) VALUES ('8a09e0b7804ae6bb01804ae768c80001', '4028b881804768e60180476c596c00058', true, 50);

INSERT INTO simudest.opositor (id_convo, id_user, validado, orden) VALUES ('8a09e0b7804ae6bb01804ae768c80002', '4028b881804768e60180476c596c00060', true, 1);
INSERT INTO simudest.opositor (id_convo, id_user, validado, orden) VALUES ('8a09e0b7804ae6bb01804ae768c80002', '4028b881804768e60180476c596c00061', true, 2);
INSERT INTO simudest.opositor (id_convo, id_user, validado, orden) VALUES ('8a09e0b7804ae6bb01804ae768c80002', '4028b881804768e60180476c596c00062', true, 3);
INSERT INTO simudest.opositor (id_convo, id_user, validado, orden) VALUES ('8a09e0b7804ae6bb01804ae768c80002', '4028b881804768e60180476c596c00063', false, null);
INSERT INTO simudest.opositor (id_convo, id_user, validado, orden) VALUES ('8a09e0b7804ae6bb01804ae768c80002', '4028b881804768e60180476c596c00064', false, null);
INSERT INTO simudest.opositor (id_convo, id_user, validado, orden) VALUES ('8a09e0b7804ae6bb01804ae768c80002', '4028b881804768e60180476c596c00065', true, 6);
INSERT INTO simudest.opositor (id_convo, id_user, validado, orden) VALUES ('8a09e0b7804ae6bb01804ae768c80002', '4028b881804768e60180476c596c00066', true, 7);
INSERT INTO simudest.opositor (id_convo, id_user, validado, orden) VALUES ('8a09e0b7804ae6bb01804ae768c80002', '4028b881804768e60180476c596c00067', true, 8);


-- plazas
INSERT INTO simudest.plaza (id_plaza, codigo, ministerio, centro, id_provi, localidad, denominacion, nivel, c_especifico, id_convo) VALUES ('4028b8818066bd7c018066be1a860000', '5547664', 'MINISTERIO DE INCLUSIN, SEGURIDAD SOCIAL Y MIGRACIONES', 'SEGURIDAD SOCIAL Y PENSIONES, GERENCIA DE INFORMATICA DE LA SEGURIDAD SOCIAL', 28, 'MADRID', 'TECNICO/TECNICA SUPERIOR DE INFORMATICA', 26, 10314.08, '8a09e0b7804ae6bb01804ae768c80000');
INSERT INTO simudest.plaza (id_plaza, codigo, ministerio, centro, id_provi, localidad, denominacion, nivel, c_especifico, id_convo) VALUES ('4028b8818066bd7c018066be1a860001', '5547665', 'MINISTERIO DE INCLUSIN, SEGURIDAD SOCIAL Y MIGRACIONES', 'S. DE E. DE LA SEGURIDAD SOCIAL Y PENSIONES', 28, 'MADRID', 'TECNICO/TECNICA SUPERIOR DE INFORMATICA', 26, 11155.38, '8a09e0b7804ae6bb01804ae768c80000');
INSERT INTO simudest.plaza (id_plaza, codigo, ministerio, centro, id_provi, localidad, denominacion, nivel, c_especifico, id_convo) VALUES ('4028b8818066bd7c018066be1a860002', '5547666', 'MINISTERIO DE INCLUSIN, SEGURIDAD SOCIAL Y MIGRACIONES', 'S. DE E. DE LA SEGURIDAD SOCIAL Y PENSIONES', 28, 'MADRID', 'TECNICO/TECNICA SUPERIOR DE INFORMATICA', 26, 10314.08, '8a09e0b7804ae6bb01804ae768c80000');
INSERT INTO simudest.plaza (id_plaza, codigo, ministerio, centro, id_provi, localidad, denominacion, nivel, c_especifico, id_convo) VALUES ('4028b8818066bd7c018066be1a860003', '5547667', 'MINISTERIO DE ASUNTOS ECONOMICOS Y TRANSFORMACION DIGITAL.', 'S.GRAL. DE ADMINISTRACION DIGITAL', 28, 'MADRID', 'TECNICO/TECNICA SUPERIOR DE INFORMATICA', 26, 11155.38, '8a09e0b7804ae6bb01804ae768c80000');
INSERT INTO simudest.plaza (id_plaza, codigo, ministerio, centro, id_provi, localidad, denominacion, nivel, c_especifico, id_convo) VALUES ('4028b8818066bd7c018066be1a860004', '5547668', 'MINISTERIO DE ASUNTOS ECONOMICOS Y TRANSFORMACION DIGITAL.', 'S.GRAL. DE ADMINISTRACION DIGITAL', 28, 'MADRID', 'TECNICO/TECNICA SUPERIOR DE INFORMATICA', 26, 11155.38, '8a09e0b7804ae6bb01804ae768c80000');
INSERT INTO simudest.plaza (id_plaza, codigo, ministerio, centro, id_provi, localidad, denominacion, nivel, c_especifico, id_convo) VALUES ('4028b8818066bd7c018066be1a860005', '5547669', 'MINISTERIO DE ASUNTOS ECONOMICOS Y TRANSFORMACION DIGITAL.', 'S.GRAL. DE ADMINISTRACION DIGITAL', 28, 'MADRID', 'TECNICO/TECNICA SUPERIOR DE INFORMATICA', 26, 11155.38, '8a09e0b7804ae6bb01804ae768c80000');
INSERT INTO simudest.plaza (id_plaza, codigo, ministerio, centro, id_provi, localidad, denominacion, nivel, c_especifico, id_convo) VALUES ('4028b8818066bd7c018066be1a860006', '5547670', 'MINISTERIO DE ASUNTOS ECONOMICOS Y TRANSFORMACION DIGITAL.', 'S. DE E. DE DIGITALIZACION E INTELIGENCIA ARTIFICIAL', 28, 'MADRID', 'TECNICO/TECNICA SUPERIOR DE INFORMATICA', 25, 9822.26, '8a09e0b7804ae6bb01804ae768c80000');
INSERT INTO simudest.plaza (id_plaza, codigo, ministerio, centro, id_provi, localidad, denominacion, nivel, c_especifico, id_convo) VALUES ('4028b8818066bd7c018066be1a860007', '5547671', 'MINISTERIO DE ASUNTOS ECONOMICOS Y TRANSFORMACION DIGITAL.', 'D.G. DE TELECOMUNICACIONES Y ORDENACION DE LOS SERVICIOS DE COMUNICACION AUDIOVISUAL', 28, 'MADRID', 'TECNICO/TECNICA SUPERIOR DE INFORMATICA', 25, 9822.26, '8a09e0b7804ae6bb01804ae768c80000');
INSERT INTO simudest.plaza (id_plaza, codigo, ministerio, centro, id_provi, localidad, denominacion, nivel, c_especifico, id_convo) VALUES ('4028b8818066bd7c018066be1a860008', '5547672', 'MINISTERIO DE ASUNTOS ECONOMICOS Y TRANSFORMACION DIGITAL.', 'D.G. DE TELECOMUNICACIONES Y ORDENACION DE LOS SERVICIOS DE COMUNICACION AUDIOVISUAL', 28, 'MADRID', 'TECNICO/TECNICA SUPERIOR DE INFORMATICA', 26, 10314.08, '8a09e0b7804ae6bb01804ae768c80000');
INSERT INTO simudest.plaza (id_plaza, codigo, ministerio, centro, id_provi, localidad, denominacion, nivel, c_especifico, id_convo) VALUES ('4028b8818066bd7c018066be1a860009', '5547673', 'MINISTERIO DE TRANSPORTES, MOVILIDAD Y AGENDA URBANA', 'D.G. DE ORGANIZACION E INSPECCION', 28, 'MADRID', 'TECNICO/TECNICA SUPERIOR DE INFORMATICA', 25, 9822.26, '8a09e0b7804ae6bb01804ae768c80000');
INSERT INTO simudest.plaza (id_plaza, codigo, ministerio, centro, id_provi, localidad, denominacion, nivel, c_especifico, id_convo) VALUES ('4028b8818066bd7c018066be1a860010', '5547674', 'MINISTERIO DE TRANSPORTES, MOVILIDAD Y AGENDA URBANA', 'D.G. DE ORGANIZACION E INSPECCION', 28, 'MADRID', 'TECNICO/TECNICA SUPERIOR DE INFORMATICA', 25, 9822.26, '8a09e0b7804ae6bb01804ae768c80000');
INSERT INTO simudest.plaza (id_plaza, codigo, ministerio, centro, id_provi, localidad, denominacion, nivel, c_especifico, id_convo) VALUES ('4028b8818066bd7c018066be1a860011', '5547675', 'MINISTERIO DE JUSTICIA', 'D.G. DE TRANSFORMACION DIGITAL DE LA ADMINISTRACION DE JUSTICIA', 28, 'MADRID', 'TECNICO/TECNICA SUPERIOR DE INFORMATICA', 25, 9822.26, '8a09e0b7804ae6bb01804ae768c80000');
INSERT INTO simudest.plaza (id_plaza, codigo, ministerio, centro, id_provi, localidad, denominacion, nivel, c_especifico, id_convo) VALUES ('4028b8818066bd7c018066be1a860012', '5547676', 'MINISTERIO DE JUSTICIA', 'D.G. DE TRANSFORMACION DIGITAL DE LA ADMINISTRACION DE JUSTICIA', 28, 'MADRID', 'TECNICO/TECNICA SUPERIOR DE INFORMATICA', 25, 9822.26, '8a09e0b7804ae6bb01804ae768c80000');
INSERT INTO simudest.plaza (id_plaza, codigo, ministerio, centro, id_provi, localidad, denominacion, nivel, c_especifico, id_convo) VALUES ('4028b8818066bd7c018066be1a860013', '5547677', 'MINISTERIO DE JUSTICIA', 'D.G. DE TRANSFORMACION DIGITAL DE LA ADMINISTRACION DE JUSTICIA', 28, 'MADRID', 'TECNICO/TECNICA SUPERIOR DE INFORMATICA', 26, 10314.08, '8a09e0b7804ae6bb01804ae768c80000');
INSERT INTO simudest.plaza (id_plaza, codigo, ministerio, centro, id_provi, localidad, denominacion, nivel, c_especifico, id_convo) VALUES ('4028b8818066bd7c018066be1a860014', '5547678', 'MINISTERIO DE JUSTICIA', 'D.G. DE TRANSFORMACION DIGITAL DE LA ADMINISTRACION DE JUSTICIA', 28, 'MADRID', 'TECNICO/TECNICA SUPERIOR DE INFORMATICA', 26, 10314.08, '8a09e0b7804ae6bb01804ae768c80000');
INSERT INTO simudest.plaza (id_plaza, codigo, ministerio, centro, id_provi, localidad, denominacion, nivel, c_especifico, id_convo) VALUES ('4028b8818066bd7c018066be1a860015', '5547679', 'MINISTERIO DE JUSTICIA', 'D.G. DE TRANSFORMACION DIGITAL DE LA ADMINISTRACION DE JUSTICIA', 28, 'MADRID', 'TECNICO/TECNICA SUPERIOR DE INFORMATICA', 26, 10314.08, '8a09e0b7804ae6bb01804ae768c80000');
INSERT INTO simudest.plaza (id_plaza, codigo, ministerio, centro, id_provi, localidad, denominacion, nivel, c_especifico, id_convo) VALUES ('4028b8818066bd7c018066be1a860016', '5547680', 'MINISTERIO DE PRESIDENCIA, RELACIONES CON LAS CORTES Y MEMORIA DEMOCRATICA', 'SUBSECRETARIA DE LA PRESIDENCIA, RELACIONES CON LAS CORTES Y MEMORIA DEMOCRATICA', 28, 'MADRID', 'TECNICO/TECNICA SUPERIOR DE INFORMATICA', 26, 10314.08, '8a09e0b7804ae6bb01804ae768c80000');
INSERT INTO simudest.plaza (id_plaza, codigo, ministerio, centro, id_provi, localidad, denominacion, nivel, c_especifico, id_convo) VALUES ('4028b8818066bd7c018066be1a860017', '5547681', 'MINISTERIO DE CONSUMO', 'SUBSECRETARIA DE CONSUMO', 28, 'MADRID', 'TECNICO/TECNICA SUPERIOR DE INFORMATICA', 26, 10314.08, '8a09e0b7804ae6bb01804ae768c80000');
INSERT INTO simudest.plaza (id_plaza, codigo, ministerio, centro, id_provi, localidad, denominacion, nivel, c_especifico, id_convo) VALUES ('4028b8818066bd7c018066be1a860018', '5547682', 'MINISTERIO DE CONSUMO', 'SUBSECRETARIA DE CONSUMO', 28, 'MADRID', 'TECNICO/TECNICA SUPERIOR DE INFORMATICA', 26, 10314.08, '8a09e0b7804ae6bb01804ae768c80000');
INSERT INTO simudest.plaza (id_plaza, codigo, ministerio, centro, id_provi, localidad, denominacion, nivel, c_especifico, id_convo) VALUES ('4028b8818066bd7c018066be1a860019', '5547683', 'MINISTERIO DE CONSUMO', 'SUBSECRETARIA DE CONSUMO', 28, 'MADRID', 'TECNICO/TECNICA SUPERIOR DE INFORMATICA', 26, 10314.08, '8a09e0b7804ae6bb01804ae768c80000');
INSERT INTO simudest.plaza (id_plaza, codigo, ministerio, centro, id_provi, localidad, denominacion, nivel, c_especifico, id_convo) VALUES ('4028b8818066bd7c018066be1a860020', '5547684', 'MINISTERIO DE EDUCACION Y FORMACION PROFESIONAL', 'SUBSECRETARIA DE EDUCACION Y FORMACION PROFESIONAL', 28, 'MADRID', 'TECNICO/TECNICA SUPERIOR DE INFORMATICA', 25, 9822.26, '8a09e0b7804ae6bb01804ae768c80000');
INSERT INTO simudest.plaza (id_plaza, codigo, ministerio, centro, id_provi, localidad, denominacion, nivel, c_especifico, id_convo) VALUES ('4028b8818066bd7c018066be1a860021', '5547685', 'MINISTERIO DE EDUCACION Y FORMACION PROFESIONAL', 'SUBSECRETARIA DE EDUCACION Y FORMACION PROFESIONAL', 28, 'MADRID', 'TECNICO/TECNICA SUPERIOR DE INFORMATICA', 25, 9822.26, '8a09e0b7804ae6bb01804ae768c80000');
INSERT INTO simudest.plaza (id_plaza, codigo, ministerio, centro, id_provi, localidad, denominacion, nivel, c_especifico, id_convo) VALUES ('4028b8818066bd7c018066be1a860022', '5547686', 'MINISTERIO DE EDUCACION Y FORMACION PROFESIONAL', 'SUBSECRETARIA DE EDUCACION Y FORMACION PROFESIONAL', 28, 'MADRID', 'TECNICO/TECNICA SUPERIOR DE INFORMATICA', 25, 9822.26, '8a09e0b7804ae6bb01804ae768c80000');
INSERT INTO simudest.plaza (id_plaza, codigo, ministerio, centro, id_provi, localidad, denominacion, nivel, c_especifico, id_convo) VALUES ('4028b8818066bd7c018066be1a860023', '5547687', 'MINISTERIO DE IGUALDAD', 'SUBSECRETARIA DE IGUALDAD', 28, 'MADRID', 'TECNICO/TECNICA SUPERIOR DE INFORMATICA', 26, 11155.38, '8a09e0b7804ae6bb01804ae768c80000');
INSERT INTO simudest.plaza (id_plaza, codigo, ministerio, centro, id_provi, localidad, denominacion, nivel, c_especifico, id_convo) VALUES ('4028b8818066bd7c018066be1a860024', '5547688', 'MINISTERIO DE IGUALDAD', 'SUBSECRETARIA DE IGUALDAD', 28, 'MADRID', 'TECNICO/TECNICA SUPERIOR DE INFORMATICA', 26, 11155.38, '8a09e0b7804ae6bb01804ae768c80000');

INSERT INTO simudest.plaza (id_plaza, codigo, ministerio, centro, id_provi, localidad, denominacion, nivel, c_especifico, id_convo) VALUES ('4028b8818066bd7c018066be1a860030', '91','HACIENDA Y ADMINISTRACIONES PBLICAS','SECRET. GRAL. HACIENDA Y ADMONES.  PCAS.','45','TOLEDO','AUXILIAR REGISTRO','15','8175.24', '8a09e0b7804ae6bb01804ae768c80001');
INSERT INTO simudest.plaza (id_plaza, codigo, ministerio, centro, id_provi, localidad, denominacion, nivel, c_especifico, id_convo) VALUES ('4028b8818066bd7c018066be1a860031', '92','HACIENDA Y ADMINISTRACIONES PBLICAS','SECRET. GRAL. HACIENDA Y ADMONES.  PCAS.','45','TOLEDO','AUXILIAR ADMINISTRATIVO','14','6069.00', '8a09e0b7804ae6bb01804ae768c80001');
INSERT INTO simudest.plaza (id_plaza, codigo, ministerio, centro, id_provi, localidad, denominacion, nivel, c_especifico, id_convo) VALUES ('4028b8818066bd7c018066be1a860032', '126','HACIENDA Y ADMINISTRACIONES PBLICAS','D. G. POLIT. FINANC. .  TESOR.  Y FONDOS COM.','45','TOLEDO','AUXILIAR ADMINISTRATIVO','14','6069.00', '8a09e0b7804ae6bb01804ae768c80001');
INSERT INTO simudest.plaza (id_plaza, codigo, ministerio, centro, id_provi, localidad, denominacion, nivel, c_especifico, id_convo) VALUES ('4028b8818066bd7c018066be1a860033', '187','HACIENDA Y ADMINISTRACIONES PBLICAS','INTERVENCION GENERAL','45','TOLEDO','AUXILIAR ADMINISTRATIVO','14','6069.00', '8a09e0b7804ae6bb01804ae768c80001');
INSERT INTO simudest.plaza (id_plaza, codigo, ministerio, centro, id_provi, localidad, denominacion, nivel, c_especifico, id_convo) VALUES ('4028b8818066bd7c018066be1a860034', '235','HACIENDA Y ADMINISTRACIONES PBLICAS','D. G. TRIBUTOS Y ORDENACION DEL JUEGO','45','TOLEDO','AUXILIAR ADMINISTRATIVO','14','6069.00', '8a09e0b7804ae6bb01804ae768c80001');
INSERT INTO simudest.plaza (id_plaza, codigo, ministerio, centro, id_provi, localidad, denominacion, nivel, c_especifico, id_convo) VALUES ('4028b8818066bd7c018066be1a860035', '246','HACIENDA Y ADMINISTRACIONES PBLICAS','DELEG. PROV. CONSEJ. HACIENDA Y AAPP','2','ALBACETE','AUXILIAR ADMINISTRATIVO','14','6069.00', '8a09e0b7804ae6bb01804ae768c80001');
INSERT INTO simudest.plaza (id_plaza, codigo, ministerio, centro, id_provi, localidad, denominacion, nivel, c_especifico, id_convo) VALUES ('4028b8818066bd7c018066be1a860036', '248','HACIENDA Y ADMINISTRACIONES PBLICAS','DELEG. PROV. CONSEJ. HACIENDA Y AAPP','2','ALBACETE','AUXILIAR ADMINISTRATIVO','15','8175.24', '8a09e0b7804ae6bb01804ae768c80001');
INSERT INTO simudest.plaza (id_plaza, codigo, ministerio, centro, id_provi, localidad, denominacion, nivel, c_especifico, id_convo) VALUES ('4028b8818066bd7c018066be1a860037', '285','HACIENDA Y ADMINISTRACIONES PBLICAS','DELEG. PROV. CONSEJ. HACIENDA Y AAPP','45','CIUDAD REAL','AUXILIAR ADMINISTRATIVO','14','6069.00', '8a09e0b7804ae6bb01804ae768c80001');
INSERT INTO simudest.plaza (id_plaza, codigo, ministerio, centro, id_provi, localidad, denominacion, nivel, c_especifico, id_convo) VALUES ('4028b8818066bd7c018066be1a860038', '324','HACIENDA Y ADMINISTRACIONES PBLICAS','DELEG. PROV. CONSEJ. HACIENDA Y AAPP','45','CUENCA','AUXILIAR ADMINISTRATIVO','14','6069.00', '8a09e0b7804ae6bb01804ae768c80001');
INSERT INTO simudest.plaza (id_plaza, codigo, ministerio, centro, id_provi, localidad, denominacion, nivel, c_especifico, id_convo) VALUES ('4028b8818066bd7c018066be1a860039', '326','HACIENDA Y ADMINISTRACIONES PBLICAS','DELEG. PROV. CONSEJ. HACIENDA Y AAPP','45','CUENCA','AUXILIAR ADMINISTRATIVO','15','8175.24', '8a09e0b7804ae6bb01804ae768c80001');
INSERT INTO simudest.plaza (id_plaza, codigo, ministerio, centro, id_provi, localidad, denominacion, nivel, c_especifico, id_convo) VALUES ('4028b8818066bd7c018066be1a860040', '363','HACIENDA Y ADMINISTRACIONES PBLICAS','DELEG. PROV. CONSEJ. HACIENDA Y AAPP','45','GUADALAJARA','AUXILIAR ADMINISTRATIVO','14','6069.00', '8a09e0b7804ae6bb01804ae768c80001');
INSERT INTO simudest.plaza (id_plaza, codigo, ministerio, centro, id_provi, localidad, denominacion, nivel, c_especifico, id_convo) VALUES ('4028b8818066bd7c018066be1a860041', '404','HACIENDA Y ADMINISTRACIONES PBLICAS','DELEG. PROV. CONSEJ. HACIENDA Y AAPP','45','TOLEDO','AUXILIAR ADMINISTRATIVO','14','6069.00', '8a09e0b7804ae6bb01804ae768c80001');
INSERT INTO simudest.plaza (id_plaza, codigo, ministerio, centro, id_provi, localidad, denominacion, nivel, c_especifico, id_convo) VALUES ('4028b8818066bd7c018066be1a860042', '454','ECONOMIA, EMPRESAS Y EMPLEO','SECRET. GRAL.  ECONOM., EMPR.  Y EMPLEO','45','TOLEDO','AUXILIAR ADMINISTRATIVO','14','6069.00', '8a09e0b7804ae6bb01804ae768c80001');
INSERT INTO simudest.plaza (id_plaza, codigo, ministerio, centro, id_provi, localidad, denominacion, nivel, c_especifico, id_convo) VALUES ('4028b8818066bd7c018066be1a860043', '511','EDUCACIN, CULTURA Y DEPORTES','D. G. UNIVER.  INVEST.  E INNOVACION','45','TOLEDO','AUXILIAR ADMINISTRATIVO','14','6069.00', '8a09e0b7804ae6bb01804ae768c80001');
INSERT INTO simudest.plaza (id_plaza, codigo, ministerio, centro, id_provi, localidad, denominacion, nivel, c_especifico, id_convo) VALUES ('4028b8818066bd7c018066be1a860044', '549','FOMENTO','SECRET. GRAL. FOMENTO','45','TOLEDO','AUXILIAR ADMINISTRATIVO','14','6069.00', '8a09e0b7804ae6bb01804ae768c80001');
INSERT INTO simudest.plaza (id_plaza, codigo, ministerio, centro, id_provi, localidad, denominacion, nivel, c_especifico, id_convo) VALUES ('4028b8818066bd7c018066be1a860045', '582','FOMENTO','D. G. CARRETERAS','45','TOLEDO','AUXILIAR ADMINISTRATIVO','14','6069.00', '8a09e0b7804ae6bb01804ae768c80001');
INSERT INTO simudest.plaza (id_plaza, codigo, ministerio, centro, id_provi, localidad, denominacion, nivel, c_especifico, id_convo) VALUES ('4028b8818066bd7c018066be1a860046', '615','FOMENTO','D. G. VIVIENDA','45','TOLEDO','AUXILIAR ADMINISTRATIVO','14','6069.00', '8a09e0b7804ae6bb01804ae768c80001');
INSERT INTO simudest.plaza (id_plaza, codigo, ministerio, centro, id_provi, localidad, denominacion, nivel, c_especifico, id_convo) VALUES ('4028b8818066bd7c018066be1a860047', '628','AGENCIA DEL AGUA DE CASTILLA-LA MANCHA','AGENCIA DEL AGUA DE CLM','45','TOLEDO','AUXILIAR ADMINISTRATIVO','14','6069.00', '8a09e0b7804ae6bb01804ae768c80001');
INSERT INTO simudest.plaza (id_plaza, codigo, ministerio, centro, id_provi, localidad, denominacion, nivel, c_especifico, id_convo) VALUES ('4028b8818066bd7c018066be1a860048', '636','AGENCIA DEL AGUA DE CASTILLA-LA MANCHA','AGENCIA DEL AGUA DE CLM','45','TOLEDO','AUXILIAR ADMINISTRATIVO','14','6069.00', '8a09e0b7804ae6bb01804ae768c80001');
INSERT INTO simudest.plaza (id_plaza, codigo, ministerio, centro, id_provi, localidad, denominacion, nivel, c_especifico, id_convo) VALUES ('4028b8818066bd7c018066be1a860049', '651','FOMENTO','DELEG. PROV. CONSEJ. FOMENTO','2','ALBACETE','AUXILIAR ADMINISTRATIVO','14','6069.00', '8a09e0b7804ae6bb01804ae768c80001');
INSERT INTO simudest.plaza (id_plaza, codigo, ministerio, centro, id_provi, localidad, denominacion, nivel, c_especifico, id_convo) VALUES ('4028b8818066bd7c018066be1a860050', '666','FOMENTO','DELEG. PROV. CONSEJ. FOMENTO','2','ALBACETE','AUXILIAR ADMINISTRATIVO','14','6069.00', '8a09e0b7804ae6bb01804ae768c80001');
INSERT INTO simudest.plaza (id_plaza, codigo, ministerio, centro, id_provi, localidad, denominacion, nivel, c_especifico, id_convo) VALUES ('4028b8818066bd7c018066be1a860051', '675','FOMENTO','DELEG. PROV. CONSEJ. FOMENTO','2','ALBACETE','AUXILIAR ADMINISTRATIVO','14','6069.00', '8a09e0b7804ae6bb01804ae768c80001');
INSERT INTO simudest.plaza (id_plaza, codigo, ministerio, centro, id_provi, localidad, denominacion, nivel, c_especifico, id_convo) VALUES ('4028b8818066bd7c018066be1a860052', '686','FOMENTO','DELEG. PROV. CONSEJ. FOMENTO','2','ALBACETE','AUXILIAR ADMINISTRATIVO','14','6069.00', '8a09e0b7804ae6bb01804ae768c80001');
INSERT INTO simudest.plaza (id_plaza, codigo, ministerio, centro, id_provi, localidad, denominacion, nivel, c_especifico, id_convo) VALUES ('4028b8818066bd7c018066be1a860053', '694','FOMENTO','DELEG. PROV. CONSEJ. FOMENTO','2','ALBACETE','AUXILIAR ADMINISTRATIVO','14','6069.00', '8a09e0b7804ae6bb01804ae768c80001');
INSERT INTO simudest.plaza (id_plaza, codigo, ministerio, centro, id_provi, localidad, denominacion, nivel, c_especifico, id_convo) VALUES ('4028b8818066bd7c018066be1a860054', '716','FOMENTO','DELEG. PROV. CONSEJ. FOMENTO','13','CIUDAD REAL','AUXILIAR ADMINISTRATIVO','14','6069.00', '8a09e0b7804ae6bb01804ae768c80001');
INSERT INTO simudest.plaza (id_plaza, codigo, ministerio, centro, id_provi, localidad, denominacion, nivel, c_especifico, id_convo) VALUES ('4028b8818066bd7c018066be1a860055', '732','FOMENTO','DELEG. PROV. CONSEJ. FOMENTO','13','CIUDAD REAL','AUXILIAR ADMINISTRATIVO','14','6069.00', '8a09e0b7804ae6bb01804ae768c80001');
INSERT INTO simudest.plaza (id_plaza, codigo, ministerio, centro, id_provi, localidad, denominacion, nivel, c_especifico, id_convo) VALUES ('4028b8818066bd7c018066be1a860056', '742','FOMENTO','DELEG. PROV. CONSEJ. FOMENTO','13','CIUDAD REAL','AUXILIAR ADMINISTRATIVO','14','6069.00', '8a09e0b7804ae6bb01804ae768c80001');
INSERT INTO simudest.plaza (id_plaza, codigo, ministerio, centro, id_provi, localidad, denominacion, nivel, c_especifico, id_convo) VALUES ('4028b8818066bd7c018066be1a860057', '753','FOMENTO','DELEG. PROV. CONSEJ. FOMENTO','13','CIUDAD REAL','AUXILIAR ADMINISTRATIVO','14','6069.00', '8a09e0b7804ae6bb01804ae768c80001');
INSERT INTO simudest.plaza (id_plaza, codigo, ministerio, centro, id_provi, localidad, denominacion, nivel, c_especifico, id_convo) VALUES ('4028b8818066bd7c018066be1a860058', '761','FOMENTO','DELEG. PROV. CONSEJ. FOMENTO','13','CIUDAD REAL','AUXILIAR ADMINISTRATIVO','14','6069.00', '8a09e0b7804ae6bb01804ae768c80001');
INSERT INTO simudest.plaza (id_plaza, codigo, ministerio, centro, id_provi, localidad, denominacion, nivel, c_especifico, id_convo) VALUES ('4028b8818066bd7c018066be1a860059', '785','FOMENTO','DELEG. PROV. CONSEJ. FOMENTO','16','CUENCA','AUXILIAR ADMINISTRATIVO','14','6069.00', '8a09e0b7804ae6bb01804ae768c80001');
INSERT INTO simudest.plaza (id_plaza, codigo, ministerio, centro, id_provi, localidad, denominacion, nivel, c_especifico, id_convo) VALUES ('4028b8818066bd7c018066be1a860060', '798','FOMENTO','DELEG. PROV. CONSEJ. FOMENTO','16','CUENCA','AUXILIAR ADMINISTRATIVO','14','6069.00', '8a09e0b7804ae6bb01804ae768c80001');
INSERT INTO simudest.plaza (id_plaza, codigo, ministerio, centro, id_provi, localidad, denominacion, nivel, c_especifico, id_convo) VALUES ('4028b8818066bd7c018066be1a860061', '809','FOMENTO','DELEG. PROV. CONSEJ. FOMENTO','16','CUENCA','AUXILIAR ADMINISTRATIVO','14','6069.00', '8a09e0b7804ae6bb01804ae768c80001');
INSERT INTO simudest.plaza (id_plaza, codigo, ministerio, centro, id_provi, localidad, denominacion, nivel, c_especifico, id_convo) VALUES ('4028b8818066bd7c018066be1a860062', '829','FOMENTO','DELEG. PROV. CONSEJ. FOMENTO','16','CUENCA','AUXILIAR ADMINISTRATIVO','14','6069.00', '8a09e0b7804ae6bb01804ae768c80001');
INSERT INTO simudest.plaza (id_plaza, codigo, ministerio, centro, id_provi, localidad, denominacion, nivel, c_especifico, id_convo) VALUES ('4028b8818066bd7c018066be1a860063', '837','AGENCIA DEL AGUA DE CASTILLA-LA MANCHA','SERV. PROV.  AGENCIA DEL AGUA','16','CUENCA','AUXILIAR ADMINISTRATIVO','14','6069.00', '8a09e0b7804ae6bb01804ae768c80001');
INSERT INTO simudest.plaza (id_plaza, codigo, ministerio, centro, id_provi, localidad, denominacion, nivel, c_especifico, id_convo) VALUES ('4028b8818066bd7c018066be1a860064', '849','FOMENTO','DELEG. PROV. CONSEJ. FOMENTO','19','GUADALAJARA','AUXILIAR ADMINISTRATIVO','14','6069.00', '8a09e0b7804ae6bb01804ae768c80001');
INSERT INTO simudest.plaza (id_plaza, codigo, ministerio, centro, id_provi, localidad, denominacion, nivel, c_especifico, id_convo) VALUES ('4028b8818066bd7c018066be1a860065', '866','FOMENTO','DELEG. PROV. CONSEJ. FOMENTO','19','GUADALAJARA','AUXILIAR ADMINISTRATIVO','14','6069.00', '8a09e0b7804ae6bb01804ae768c80001');
INSERT INTO simudest.plaza (id_plaza, codigo, ministerio, centro, id_provi, localidad, denominacion, nivel, c_especifico, id_convo) VALUES ('4028b8818066bd7c018066be1a860066', '875','FOMENTO','DELEG. PROV. CONSEJ. FOMENTO','19','GUADALAJARA','AUXILIAR ADMINISTRATIVO','14','6069.00', '8a09e0b7804ae6bb01804ae768c80001');
INSERT INTO simudest.plaza (id_plaza, codigo, ministerio, centro, id_provi, localidad, denominacion, nivel, c_especifico, id_convo) VALUES ('4028b8818066bd7c018066be1a860067', '885','FOMENTO','DELEG. PROV. CONSEJ. FOMENTO','19','GUADALAJARA','AUXILIAR ADMINISTRATIVO','14','6069.00', '8a09e0b7804ae6bb01804ae768c80001');
INSERT INTO simudest.plaza (id_plaza, codigo, ministerio, centro, id_provi, localidad, denominacion, nivel, c_especifico, id_convo) VALUES ('4028b8818066bd7c018066be1a860068', '893','FOMENTO','DELEG. PROV. CONSEJ. FOMENTO','19','GUADALAJARA','AUXILIAR ADMINISTRATIVO','14','6069.00', '8a09e0b7804ae6bb01804ae768c80001');
INSERT INTO simudest.plaza (id_plaza, codigo, ministerio, centro, id_provi, localidad, denominacion, nivel, c_especifico, id_convo) VALUES ('4028b8818066bd7c018066be1a860069', '902','AGENCIA DEL AGUA DE CASTILLA-LA MANCHA','SERV. PROV.  AGENCIA DEL AGUA','19','GUADALAJARA','AUXILIAR ADMINISTRATIVO','14','6069.00', '8a09e0b7804ae6bb01804ae768c80001');
INSERT INTO simudest.plaza (id_plaza, codigo, ministerio, centro, id_provi, localidad, denominacion, nivel, c_especifico, id_convo) VALUES ('4028b8818066bd7c018066be1a860070', '913','FOMENTO','DELEG. PROV. CONSEJ. FOMENTO','45','TOLEDO','AUXILIAR ADMINISTRATIVO','14','6069.00', '8a09e0b7804ae6bb01804ae768c80001');
INSERT INTO simudest.plaza (id_plaza, codigo, ministerio, centro, id_provi, localidad, denominacion, nivel, c_especifico, id_convo) VALUES ('4028b8818066bd7c018066be1a860071', '939','FOMENTO','DELEG. PROV. CONSEJ. FOMENTO','45','TOLEDO','AUXILIAR ADMINISTRATIVO','14','6069.00', '8a09e0b7804ae6bb01804ae768c80001');
INSERT INTO simudest.plaza (id_plaza, codigo, ministerio, centro, id_provi, localidad, denominacion, nivel, c_especifico, id_convo) VALUES ('4028b8818066bd7c018066be1a860072', '953','FOMENTO','DELEG. PROV. CONSEJ. FOMENTO','45','TOLEDO','AUXILIAR ATENCION AL PUBLICO','15','6069.00', '8a09e0b7804ae6bb01804ae768c80001');
INSERT INTO simudest.plaza (id_plaza, codigo, ministerio, centro, id_provi, localidad, denominacion, nivel, c_especifico, id_convo) VALUES ('4028b8818066bd7c018066be1a860073', '963','FOMENTO','DELEG. PROV. CONSEJ. FOMENTO','45','TOLEDO','AUXILIAR ADMINISTRATIVO','14','6069.00', '8a09e0b7804ae6bb01804ae768c80001');
INSERT INTO simudest.plaza (id_plaza, codigo, ministerio, centro, id_provi, localidad, denominacion, nivel, c_especifico, id_convo) VALUES ('4028b8818066bd7c018066be1a860074', '1005','EDUCACIN, CULTURA Y DEPORTES','SEC. GRAL. C. EDUCAC., CULT.  Y DEP.','45','TOLEDO','AUXILIAR REGISTRO','15','8175.24', '8a09e0b7804ae6bb01804ae768c80001');
INSERT INTO simudest.plaza (id_plaza, codigo, ministerio, centro, id_provi, localidad, denominacion, nivel, c_especifico, id_convo) VALUES ('4028b8818066bd7c018066be1a860076', '1024','EDUCACIN, CULTURA Y DEPORTES','SEC. GRAL. C. EDUCAC., CULT.  Y DEP.','45','TOLEDO','AUXILIAR ADMINISTRATIVO','14','6069.00', '8a09e0b7804ae6bb01804ae768c80001');
INSERT INTO simudest.plaza (id_plaza, codigo, ministerio, centro, id_provi, localidad, denominacion, nivel, c_especifico, id_convo) VALUES ('4028b8818066bd7c018066be1a860077', '1071','EDUCACIN, CULTURA Y DEPORTES','SEC. GRAL. C. EDUCAC., CULT.  Y DEP.','45','TOLEDO','AUXILIAR ADMINISTRATIVO','14','6069.00', '8a09e0b7804ae6bb01804ae768c80001');
INSERT INTO simudest.plaza (id_plaza, codigo, ministerio, centro, id_provi, localidad, denominacion, nivel, c_especifico, id_convo) VALUES ('4028b8818066bd7c018066be1a860078', '1101','EDUCACIN, CULTURA Y DEPORTES','D. G.  DE RR. HH.  Y PLANIFICACION EDUCATIVA','45','TOLEDO','AUXILIAR ADMINISTRATIVO','14','6069.00', '8a09e0b7804ae6bb01804ae768c80001');
INSERT INTO simudest.plaza (id_plaza, codigo, ministerio, centro, id_provi, localidad, denominacion, nivel, c_especifico, id_convo) VALUES ('4028b8818066bd7c018066be1a860079', '1142','EDUCACIN, CULTURA Y DEPORTES','D. G.  DE INCLUSION EDUCATIVA Y PROGRAMAS','45','TOLEDO','AUXILIAR ADMINISTRATIVO','14','6069.00', '8a09e0b7804ae6bb01804ae768c80001');
INSERT INTO simudest.plaza (id_plaza, codigo, ministerio, centro, id_provi, localidad, denominacion, nivel, c_especifico, id_convo) VALUES ('4028b8818066bd7c018066be1a860080', '1170','EDUCACIN, CULTURA Y DEPORTES','D. G.  DE INCLUSION EDUCATIVA Y PROGRAMAS','45','TOLEDO','AUXILIAR ADMINISTRATIVO','14','6069.00', '8a09e0b7804ae6bb01804ae768c80001');



-- elecciones

INSERT INTO simudest.eleccion(id_plaza, id_user, orden)	VALUES ('4028b8818066bd7c018066be1a860000', '4028b881804768e60180476c596c0000', 1);
INSERT INTO simudest.eleccion(id_plaza, id_user, orden)	VALUES ('4028b8818066bd7c018066be1a860000', '4028b881804768e60180476c596c0001', 1);
INSERT INTO simudest.eleccion(id_plaza, id_user, orden)	VALUES ('4028b8818066bd7c018066be1a860000', '4028b881804768e60180476c596c0002', 1);
INSERT INTO simudest.eleccion(id_plaza, id_user, orden)	VALUES ('4028b8818066bd7c018066be1a860000', '4028b881804768e60180476c596c0003', 1);
INSERT INTO simudest.eleccion(id_plaza, id_user, orden)	VALUES ('4028b8818066bd7c018066be1a860000', '4028b881804768e60180476c596c0004', 1);
INSERT INTO simudest.eleccion(id_plaza, id_user, orden)	VALUES ('4028b8818066bd7c018066be1a860000', '4028b881804768e60180476c596c0005', 1);
INSERT INTO simudest.eleccion(id_plaza, id_user, orden)	VALUES ('4028b8818066bd7c018066be1a860000', '4028b881804768e60180476c596c0006', 1);
INSERT INTO simudest.eleccion(id_plaza, id_user, orden)	VALUES ('4028b8818066bd7c018066be1a860000', '4028b881804768e60180476c596c0007', 1);
INSERT INTO simudest.eleccion(id_plaza, id_user, orden)	VALUES ('4028b8818066bd7c018066be1a860000', '4028b881804768e60180476c596c0008', 1);
INSERT INTO simudest.eleccion(id_plaza, id_user, orden)	VALUES ('4028b8818066bd7c018066be1a860000', '4028b881804768e60180476c596c0009', 1);
INSERT INTO simudest.eleccion(id_plaza, id_user, orden)	VALUES ('4028b8818066bd7c018066be1a860000', '4028b881804768e60180476c596c00010', 1);
INSERT INTO simudest.eleccion(id_plaza, id_user, orden)	VALUES ('4028b8818066bd7c018066be1a860000', '4028b881804768e60180476c596c00011', 1);
INSERT INTO simudest.eleccion(id_plaza, id_user, orden)	VALUES ('4028b8818066bd7c018066be1a860000', '4028b881804768e60180476c596c00012', 1);
INSERT INTO simudest.eleccion(id_plaza, id_user, orden)	VALUES ('4028b8818066bd7c018066be1a860000', '4028b881804768e60180476c596c00013', 1);
INSERT INTO simudest.eleccion(id_plaza, id_user, orden)	VALUES ('4028b8818066bd7c018066be1a860000', '4028b881804768e60180476c596c00014', 1);

INSERT INTO simudest.eleccion(id_plaza, id_user, orden)	VALUES ('4028b8818066bd7c018066be1a860001', '4028b881804768e60180476c596c0000', 2);
INSERT INTO simudest.eleccion(id_plaza, id_user, orden)	VALUES ('4028b8818066bd7c018066be1a860001', '4028b881804768e60180476c596c0001', 2);
INSERT INTO simudest.eleccion(id_plaza, id_user, orden)	VALUES ('4028b8818066bd7c018066be1a860001', '4028b881804768e60180476c596c0002', 2);
INSERT INTO simudest.eleccion(id_plaza, id_user, orden)	VALUES ('4028b8818066bd7c018066be1a860001', '4028b881804768e60180476c596c0003', 2);
INSERT INTO simudest.eleccion(id_plaza, id_user, orden)	VALUES ('4028b8818066bd7c018066be1a860001', '4028b881804768e60180476c596c0004', 2);
INSERT INTO simudest.eleccion(id_plaza, id_user, orden)	VALUES ('4028b8818066bd7c018066be1a860001', '4028b881804768e60180476c596c0005', 2);
INSERT INTO simudest.eleccion(id_plaza, id_user, orden)	VALUES ('4028b8818066bd7c018066be1a860001', '4028b881804768e60180476c596c0006', 2);
INSERT INTO simudest.eleccion(id_plaza, id_user, orden)	VALUES ('4028b8818066bd7c018066be1a860001', '4028b881804768e60180476c596c0007', 2);
INSERT INTO simudest.eleccion(id_plaza, id_user, orden)	VALUES ('4028b8818066bd7c018066be1a860001', '4028b881804768e60180476c596c0008', 2);
INSERT INTO simudest.eleccion(id_plaza, id_user, orden)	VALUES ('4028b8818066bd7c018066be1a860001', '4028b881804768e60180476c596c0009', 2);
INSERT INTO simudest.eleccion(id_plaza, id_user, orden)	VALUES ('4028b8818066bd7c018066be1a860001', '4028b881804768e60180476c596c00010', 2);
INSERT INTO simudest.eleccion(id_plaza, id_user, orden)	VALUES ('4028b8818066bd7c018066be1a860001', '4028b881804768e60180476c596c00011', 2);
INSERT INTO simudest.eleccion(id_plaza, id_user, orden)	VALUES ('4028b8818066bd7c018066be1a860001', '4028b881804768e60180476c596c00012', 2);
INSERT INTO simudest.eleccion(id_plaza, id_user, orden)	VALUES ('4028b8818066bd7c018066be1a860001', '4028b881804768e60180476c596c00013', 2);
INSERT INTO simudest.eleccion(id_plaza, id_user, orden)	VALUES ('4028b8818066bd7c018066be1a860001', '4028b881804768e60180476c596c00014', 2);

INSERT INTO simudest.eleccion(id_plaza, id_user, orden)	VALUES ('4028b8818066bd7c018066be1a860002', '4028b881804768e60180476c596c0000', 3);
INSERT INTO simudest.eleccion(id_plaza, id_user, orden)	VALUES ('4028b8818066bd7c018066be1a860002', '4028b881804768e60180476c596c0001', 3);
INSERT INTO simudest.eleccion(id_plaza, id_user, orden)	VALUES ('4028b8818066bd7c018066be1a860002', '4028b881804768e60180476c596c0002', 3);
INSERT INTO simudest.eleccion(id_plaza, id_user, orden)	VALUES ('4028b8818066bd7c018066be1a860002', '4028b881804768e60180476c596c0003', 3);
INSERT INTO simudest.eleccion(id_plaza, id_user, orden)	VALUES ('4028b8818066bd7c018066be1a860002', '4028b881804768e60180476c596c0004', 3);
INSERT INTO simudest.eleccion(id_plaza, id_user, orden)	VALUES ('4028b8818066bd7c018066be1a860002', '4028b881804768e60180476c596c0005', 3);
INSERT INTO simudest.eleccion(id_plaza, id_user, orden)	VALUES ('4028b8818066bd7c018066be1a860002', '4028b881804768e60180476c596c0006', 3);
INSERT INTO simudest.eleccion(id_plaza, id_user, orden)	VALUES ('4028b8818066bd7c018066be1a860002', '4028b881804768e60180476c596c0007', 3);
INSERT INTO simudest.eleccion(id_plaza, id_user, orden)	VALUES ('4028b8818066bd7c018066be1a860002', '4028b881804768e60180476c596c0008', 3);
INSERT INTO simudest.eleccion(id_plaza, id_user, orden)	VALUES ('4028b8818066bd7c018066be1a860002', '4028b881804768e60180476c596c0009', 3);
INSERT INTO simudest.eleccion(id_plaza, id_user, orden)	VALUES ('4028b8818066bd7c018066be1a860002', '4028b881804768e60180476c596c00010', 3);
INSERT INTO simudest.eleccion(id_plaza, id_user, orden)	VALUES ('4028b8818066bd7c018066be1a860002', '4028b881804768e60180476c596c00011', 3);
INSERT INTO simudest.eleccion(id_plaza, id_user, orden)	VALUES ('4028b8818066bd7c018066be1a860002', '4028b881804768e60180476c596c00012', 3);
INSERT INTO simudest.eleccion(id_plaza, id_user, orden)	VALUES ('4028b8818066bd7c018066be1a860002', '4028b881804768e60180476c596c00013', 3);
INSERT INTO simudest.eleccion(id_plaza, id_user, orden)	VALUES ('4028b8818066bd7c018066be1a860002', '4028b881804768e60180476c596c00014', 3);

INSERT INTO simudest.eleccion(id_plaza, id_user, orden)	VALUES ('4028b8818066bd7c018066be1a860003', '4028b881804768e60180476c596c0000', 4);
INSERT INTO simudest.eleccion(id_plaza, id_user, orden)	VALUES ('4028b8818066bd7c018066be1a860003', '4028b881804768e60180476c596c0001', 4);
INSERT INTO simudest.eleccion(id_plaza, id_user, orden)	VALUES ('4028b8818066bd7c018066be1a860003', '4028b881804768e60180476c596c0002', 4);
INSERT INTO simudest.eleccion(id_plaza, id_user, orden)	VALUES ('4028b8818066bd7c018066be1a860003', '4028b881804768e60180476c596c0003', 4);
INSERT INTO simudest.eleccion(id_plaza, id_user, orden)	VALUES ('4028b8818066bd7c018066be1a860003', '4028b881804768e60180476c596c0004', 4);
INSERT INTO simudest.eleccion(id_plaza, id_user, orden)	VALUES ('4028b8818066bd7c018066be1a860003', '4028b881804768e60180476c596c0005', 4);
INSERT INTO simudest.eleccion(id_plaza, id_user, orden)	VALUES ('4028b8818066bd7c018066be1a860003', '4028b881804768e60180476c596c0006', 4);
INSERT INTO simudest.eleccion(id_plaza, id_user, orden)	VALUES ('4028b8818066bd7c018066be1a860003', '4028b881804768e60180476c596c0007', 4);
INSERT INTO simudest.eleccion(id_plaza, id_user, orden)	VALUES ('4028b8818066bd7c018066be1a860003', '4028b881804768e60180476c596c0008', 4);
INSERT INTO simudest.eleccion(id_plaza, id_user, orden)	VALUES ('4028b8818066bd7c018066be1a860003', '4028b881804768e60180476c596c0009', 4);
INSERT INTO simudest.eleccion(id_plaza, id_user, orden)	VALUES ('4028b8818066bd7c018066be1a860003', '4028b881804768e60180476c596c00010', 4);
INSERT INTO simudest.eleccion(id_plaza, id_user, orden)	VALUES ('4028b8818066bd7c018066be1a860003', '4028b881804768e60180476c596c00011', 4);
INSERT INTO simudest.eleccion(id_plaza, id_user, orden)	VALUES ('4028b8818066bd7c018066be1a860003', '4028b881804768e60180476c596c00012', 4);
INSERT INTO simudest.eleccion(id_plaza, id_user, orden)	VALUES ('4028b8818066bd7c018066be1a860003', '4028b881804768e60180476c596c00013', 4);
INSERT INTO simudest.eleccion(id_plaza, id_user, orden)	VALUES ('4028b8818066bd7c018066be1a860003', '4028b881804768e60180476c596c00014', 4);

INSERT INTO simudest.eleccion(id_plaza, id_user, orden)	VALUES ('4028b8818066bd7c018066be1a860004', '4028b881804768e60180476c596c0000', 5);
INSERT INTO simudest.eleccion(id_plaza, id_user, orden)	VALUES ('4028b8818066bd7c018066be1a860004', '4028b881804768e60180476c596c0001', 5);
INSERT INTO simudest.eleccion(id_plaza, id_user, orden)	VALUES ('4028b8818066bd7c018066be1a860004', '4028b881804768e60180476c596c0002', 5);
INSERT INTO simudest.eleccion(id_plaza, id_user, orden)	VALUES ('4028b8818066bd7c018066be1a860004', '4028b881804768e60180476c596c0003', 5);
INSERT INTO simudest.eleccion(id_plaza, id_user, orden)	VALUES ('4028b8818066bd7c018066be1a860004', '4028b881804768e60180476c596c0004', 5);
INSERT INTO simudest.eleccion(id_plaza, id_user, orden)	VALUES ('4028b8818066bd7c018066be1a860004', '4028b881804768e60180476c596c0005', 5);
INSERT INTO simudest.eleccion(id_plaza, id_user, orden)	VALUES ('4028b8818066bd7c018066be1a860004', '4028b881804768e60180476c596c0006', 5);
INSERT INTO simudest.eleccion(id_plaza, id_user, orden)	VALUES ('4028b8818066bd7c018066be1a860004', '4028b881804768e60180476c596c0007', 5);
INSERT INTO simudest.eleccion(id_plaza, id_user, orden)	VALUES ('4028b8818066bd7c018066be1a860004', '4028b881804768e60180476c596c0008', 5);
INSERT INTO simudest.eleccion(id_plaza, id_user, orden)	VALUES ('4028b8818066bd7c018066be1a860004', '4028b881804768e60180476c596c0009', 5);
INSERT INTO simudest.eleccion(id_plaza, id_user, orden)	VALUES ('4028b8818066bd7c018066be1a860004', '4028b881804768e60180476c596c00010', 5);
INSERT INTO simudest.eleccion(id_plaza, id_user, orden)	VALUES ('4028b8818066bd7c018066be1a860004', '4028b881804768e60180476c596c00011', 5);
INSERT INTO simudest.eleccion(id_plaza, id_user, orden)	VALUES ('4028b8818066bd7c018066be1a860004', '4028b881804768e60180476c596c00012', 5);
INSERT INTO simudest.eleccion(id_plaza, id_user, orden)	VALUES ('4028b8818066bd7c018066be1a860004', '4028b881804768e60180476c596c00013', 5);
INSERT INTO simudest.eleccion(id_plaza, id_user, orden)	VALUES ('4028b8818066bd7c018066be1a860004', '4028b881804768e60180476c596c00014', 5);

INSERT INTO simudest.eleccion(id_plaza, id_user, orden)	VALUES ('4028b8818066bd7c018066be1a860005', '4028b881804768e60180476c596c0000', 6);
INSERT INTO simudest.eleccion(id_plaza, id_user, orden)	VALUES ('4028b8818066bd7c018066be1a860005', '4028b881804768e60180476c596c0001', 6);
INSERT INTO simudest.eleccion(id_plaza, id_user, orden)	VALUES ('4028b8818066bd7c018066be1a860005', '4028b881804768e60180476c596c0002', 6);
INSERT INTO simudest.eleccion(id_plaza, id_user, orden)	VALUES ('4028b8818066bd7c018066be1a860005', '4028b881804768e60180476c596c0003', 6);
INSERT INTO simudest.eleccion(id_plaza, id_user, orden)	VALUES ('4028b8818066bd7c018066be1a860005', '4028b881804768e60180476c596c0004', 6);
INSERT INTO simudest.eleccion(id_plaza, id_user, orden)	VALUES ('4028b8818066bd7c018066be1a860005', '4028b881804768e60180476c596c0005', 6);
INSERT INTO simudest.eleccion(id_plaza, id_user, orden)	VALUES ('4028b8818066bd7c018066be1a860005', '4028b881804768e60180476c596c0006', 6);
INSERT INTO simudest.eleccion(id_plaza, id_user, orden)	VALUES ('4028b8818066bd7c018066be1a860005', '4028b881804768e60180476c596c0007', 6);
INSERT INTO simudest.eleccion(id_plaza, id_user, orden)	VALUES ('4028b8818066bd7c018066be1a860005', '4028b881804768e60180476c596c0008', 6);
INSERT INTO simudest.eleccion(id_plaza, id_user, orden)	VALUES ('4028b8818066bd7c018066be1a860005', '4028b881804768e60180476c596c0009', 6);
INSERT INTO simudest.eleccion(id_plaza, id_user, orden)	VALUES ('4028b8818066bd7c018066be1a860005', '4028b881804768e60180476c596c00010', 6);
INSERT INTO simudest.eleccion(id_plaza, id_user, orden)	VALUES ('4028b8818066bd7c018066be1a860005', '4028b881804768e60180476c596c00011', 6);
INSERT INTO simudest.eleccion(id_plaza, id_user, orden)	VALUES ('4028b8818066bd7c018066be1a860005', '4028b881804768e60180476c596c00012', 6);
INSERT INTO simudest.eleccion(id_plaza, id_user, orden)	VALUES ('4028b8818066bd7c018066be1a860005', '4028b881804768e60180476c596c00013', 6);
INSERT INTO simudest.eleccion(id_plaza, id_user, orden)	VALUES ('4028b8818066bd7c018066be1a860005', '4028b881804768e60180476c596c00014', 6);

INSERT INTO simudest.eleccion(id_plaza, id_user, orden)	VALUES ('4028b8818066bd7c018066be1a860006', '4028b881804768e60180476c596c0000', 7);
INSERT INTO simudest.eleccion(id_plaza, id_user, orden)	VALUES ('4028b8818066bd7c018066be1a860006', '4028b881804768e60180476c596c0001', 7);
INSERT INTO simudest.eleccion(id_plaza, id_user, orden)	VALUES ('4028b8818066bd7c018066be1a860006', '4028b881804768e60180476c596c0002', 7);
INSERT INTO simudest.eleccion(id_plaza, id_user, orden)	VALUES ('4028b8818066bd7c018066be1a860006', '4028b881804768e60180476c596c0003', 7);
INSERT INTO simudest.eleccion(id_plaza, id_user, orden)	VALUES ('4028b8818066bd7c018066be1a860006', '4028b881804768e60180476c596c0004', 7);
INSERT INTO simudest.eleccion(id_plaza, id_user, orden)	VALUES ('4028b8818066bd7c018066be1a860006', '4028b881804768e60180476c596c0005', 7);
INSERT INTO simudest.eleccion(id_plaza, id_user, orden)	VALUES ('4028b8818066bd7c018066be1a860006', '4028b881804768e60180476c596c0006', 7);
INSERT INTO simudest.eleccion(id_plaza, id_user, orden)	VALUES ('4028b8818066bd7c018066be1a860006', '4028b881804768e60180476c596c0007', 7);
INSERT INTO simudest.eleccion(id_plaza, id_user, orden)	VALUES ('4028b8818066bd7c018066be1a860006', '4028b881804768e60180476c596c0008', 7);
INSERT INTO simudest.eleccion(id_plaza, id_user, orden)	VALUES ('4028b8818066bd7c018066be1a860006', '4028b881804768e60180476c596c0009', 7);
INSERT INTO simudest.eleccion(id_plaza, id_user, orden)	VALUES ('4028b8818066bd7c018066be1a860006', '4028b881804768e60180476c596c00010', 7);
INSERT INTO simudest.eleccion(id_plaza, id_user, orden)	VALUES ('4028b8818066bd7c018066be1a860006', '4028b881804768e60180476c596c00011', 7);
INSERT INTO simudest.eleccion(id_plaza, id_user, orden)	VALUES ('4028b8818066bd7c018066be1a860006', '4028b881804768e60180476c596c00012', 7);
INSERT INTO simudest.eleccion(id_plaza, id_user, orden)	VALUES ('4028b8818066bd7c018066be1a860006', '4028b881804768e60180476c596c00013', 7);
INSERT INTO simudest.eleccion(id_plaza, id_user, orden)	VALUES ('4028b8818066bd7c018066be1a860006', '4028b881804768e60180476c596c00014', 7);

INSERT INTO simudest.eleccion(id_plaza, id_user, orden)	VALUES ('4028b8818066bd7c018066be1a860007', '4028b881804768e60180476c596c0000', 8);
INSERT INTO simudest.eleccion(id_plaza, id_user, orden)	VALUES ('4028b8818066bd7c018066be1a860007', '4028b881804768e60180476c596c0001', 8);
INSERT INTO simudest.eleccion(id_plaza, id_user, orden)	VALUES ('4028b8818066bd7c018066be1a860007', '4028b881804768e60180476c596c0002', 8);
INSERT INTO simudest.eleccion(id_plaza, id_user, orden)	VALUES ('4028b8818066bd7c018066be1a860007', '4028b881804768e60180476c596c0003', 8);
INSERT INTO simudest.eleccion(id_plaza, id_user, orden)	VALUES ('4028b8818066bd7c018066be1a860007', '4028b881804768e60180476c596c0004', 8);
INSERT INTO simudest.eleccion(id_plaza, id_user, orden)	VALUES ('4028b8818066bd7c018066be1a860007', '4028b881804768e60180476c596c0005', 8);
INSERT INTO simudest.eleccion(id_plaza, id_user, orden)	VALUES ('4028b8818066bd7c018066be1a860007', '4028b881804768e60180476c596c0006', 8);
INSERT INTO simudest.eleccion(id_plaza, id_user, orden)	VALUES ('4028b8818066bd7c018066be1a860007', '4028b881804768e60180476c596c0007', 8);
INSERT INTO simudest.eleccion(id_plaza, id_user, orden)	VALUES ('4028b8818066bd7c018066be1a860007', '4028b881804768e60180476c596c0008', 8);
INSERT INTO simudest.eleccion(id_plaza, id_user, orden)	VALUES ('4028b8818066bd7c018066be1a860007', '4028b881804768e60180476c596c0009', 8);
INSERT INTO simudest.eleccion(id_plaza, id_user, orden)	VALUES ('4028b8818066bd7c018066be1a860007', '4028b881804768e60180476c596c00010', 8);
INSERT INTO simudest.eleccion(id_plaza, id_user, orden)	VALUES ('4028b8818066bd7c018066be1a860007', '4028b881804768e60180476c596c00011', 8);
INSERT INTO simudest.eleccion(id_plaza, id_user, orden)	VALUES ('4028b8818066bd7c018066be1a860007', '4028b881804768e60180476c596c00012', 8);
INSERT INTO simudest.eleccion(id_plaza, id_user, orden)	VALUES ('4028b8818066bd7c018066be1a860007', '4028b881804768e60180476c596c00013', 8);
INSERT INTO simudest.eleccion(id_plaza, id_user, orden)	VALUES ('4028b8818066bd7c018066be1a860007', '4028b881804768e60180476c596c00014', 8);

INSERT INTO simudest.eleccion(id_plaza, id_user, orden)	VALUES ('4028b8818066bd7c018066be1a860008', '4028b881804768e60180476c596c0000', 9);
INSERT INTO simudest.eleccion(id_plaza, id_user, orden)	VALUES ('4028b8818066bd7c018066be1a860008', '4028b881804768e60180476c596c0001', 9);
INSERT INTO simudest.eleccion(id_plaza, id_user, orden)	VALUES ('4028b8818066bd7c018066be1a860008', '4028b881804768e60180476c596c0002', 9);
INSERT INTO simudest.eleccion(id_plaza, id_user, orden)	VALUES ('4028b8818066bd7c018066be1a860008', '4028b881804768e60180476c596c0003', 9);
INSERT INTO simudest.eleccion(id_plaza, id_user, orden)	VALUES ('4028b8818066bd7c018066be1a860008', '4028b881804768e60180476c596c0004', 9);
INSERT INTO simudest.eleccion(id_plaza, id_user, orden)	VALUES ('4028b8818066bd7c018066be1a860008', '4028b881804768e60180476c596c0005', 9);
INSERT INTO simudest.eleccion(id_plaza, id_user, orden)	VALUES ('4028b8818066bd7c018066be1a860008', '4028b881804768e60180476c596c0006', 9);
INSERT INTO simudest.eleccion(id_plaza, id_user, orden)	VALUES ('4028b8818066bd7c018066be1a860008', '4028b881804768e60180476c596c0007', 9);
INSERT INTO simudest.eleccion(id_plaza, id_user, orden)	VALUES ('4028b8818066bd7c018066be1a860008', '4028b881804768e60180476c596c0008', 9);
INSERT INTO simudest.eleccion(id_plaza, id_user, orden)	VALUES ('4028b8818066bd7c018066be1a860008', '4028b881804768e60180476c596c0009', 9);
INSERT INTO simudest.eleccion(id_plaza, id_user, orden)	VALUES ('4028b8818066bd7c018066be1a860008', '4028b881804768e60180476c596c00010', 9);
INSERT INTO simudest.eleccion(id_plaza, id_user, orden)	VALUES ('4028b8818066bd7c018066be1a860008', '4028b881804768e60180476c596c00011', 9);
INSERT INTO simudest.eleccion(id_plaza, id_user, orden)	VALUES ('4028b8818066bd7c018066be1a860008', '4028b881804768e60180476c596c00012', 9);
INSERT INTO simudest.eleccion(id_plaza, id_user, orden)	VALUES ('4028b8818066bd7c018066be1a860008', '4028b881804768e60180476c596c00013', 9);
INSERT INTO simudest.eleccion(id_plaza, id_user, orden)	VALUES ('4028b8818066bd7c018066be1a860008', '4028b881804768e60180476c596c00014', 9);

INSERT INTO simudest.eleccion(id_plaza, id_user, orden)	VALUES ('4028b8818066bd7c018066be1a860009', '4028b881804768e60180476c596c0000', 10);
INSERT INTO simudest.eleccion(id_plaza, id_user, orden)	VALUES ('4028b8818066bd7c018066be1a860009', '4028b881804768e60180476c596c0001', 10);
INSERT INTO simudest.eleccion(id_plaza, id_user, orden)	VALUES ('4028b8818066bd7c018066be1a860009', '4028b881804768e60180476c596c0002', 10);
INSERT INTO simudest.eleccion(id_plaza, id_user, orden)	VALUES ('4028b8818066bd7c018066be1a860009', '4028b881804768e60180476c596c0003', 10);
INSERT INTO simudest.eleccion(id_plaza, id_user, orden)	VALUES ('4028b8818066bd7c018066be1a860009', '4028b881804768e60180476c596c0004', 10);
INSERT INTO simudest.eleccion(id_plaza, id_user, orden)	VALUES ('4028b8818066bd7c018066be1a860009', '4028b881804768e60180476c596c0005', 10);
INSERT INTO simudest.eleccion(id_plaza, id_user, orden)	VALUES ('4028b8818066bd7c018066be1a860009', '4028b881804768e60180476c596c0006', 10);
INSERT INTO simudest.eleccion(id_plaza, id_user, orden)	VALUES ('4028b8818066bd7c018066be1a860009', '4028b881804768e60180476c596c0007', 10);
INSERT INTO simudest.eleccion(id_plaza, id_user, orden)	VALUES ('4028b8818066bd7c018066be1a860009', '4028b881804768e60180476c596c0008', 10);
INSERT INTO simudest.eleccion(id_plaza, id_user, orden)	VALUES ('4028b8818066bd7c018066be1a860009', '4028b881804768e60180476c596c0009', 10);
INSERT INTO simudest.eleccion(id_plaza, id_user, orden)	VALUES ('4028b8818066bd7c018066be1a860009', '4028b881804768e60180476c596c00010', 10);
INSERT INTO simudest.eleccion(id_plaza, id_user, orden)	VALUES ('4028b8818066bd7c018066be1a860009', '4028b881804768e60180476c596c00011', 10);
INSERT INTO simudest.eleccion(id_plaza, id_user, orden)	VALUES ('4028b8818066bd7c018066be1a860009', '4028b881804768e60180476c596c00012', 10);
INSERT INTO simudest.eleccion(id_plaza, id_user, orden)	VALUES ('4028b8818066bd7c018066be1a860009', '4028b881804768e60180476c596c00013', 10);
INSERT INTO simudest.eleccion(id_plaza, id_user, orden)	VALUES ('4028b8818066bd7c018066be1a860009', '4028b881804768e60180476c596c00014', 10);

INSERT INTO simudest.eleccion(id_plaza, id_user, orden)	VALUES ('4028b8818066bd7c018066be1a860010', '4028b881804768e60180476c596c0000', 11);
INSERT INTO simudest.eleccion(id_plaza, id_user, orden)	VALUES ('4028b8818066bd7c018066be1a860010', '4028b881804768e60180476c596c0001', 11);
INSERT INTO simudest.eleccion(id_plaza, id_user, orden)	VALUES ('4028b8818066bd7c018066be1a860010', '4028b881804768e60180476c596c0002', 11);
INSERT INTO simudest.eleccion(id_plaza, id_user, orden)	VALUES ('4028b8818066bd7c018066be1a860010', '4028b881804768e60180476c596c0003', 11);
INSERT INTO simudest.eleccion(id_plaza, id_user, orden)	VALUES ('4028b8818066bd7c018066be1a860010', '4028b881804768e60180476c596c0004', 11);
INSERT INTO simudest.eleccion(id_plaza, id_user, orden)	VALUES ('4028b8818066bd7c018066be1a860010', '4028b881804768e60180476c596c0005', 11);
INSERT INTO simudest.eleccion(id_plaza, id_user, orden)	VALUES ('4028b8818066bd7c018066be1a860010', '4028b881804768e60180476c596c0006', 11);
INSERT INTO simudest.eleccion(id_plaza, id_user, orden)	VALUES ('4028b8818066bd7c018066be1a860010', '4028b881804768e60180476c596c0007', 11);
INSERT INTO simudest.eleccion(id_plaza, id_user, orden)	VALUES ('4028b8818066bd7c018066be1a860010', '4028b881804768e60180476c596c0008', 11);
INSERT INTO simudest.eleccion(id_plaza, id_user, orden)	VALUES ('4028b8818066bd7c018066be1a860010', '4028b881804768e60180476c596c0009', 11);
INSERT INTO simudest.eleccion(id_plaza, id_user, orden)	VALUES ('4028b8818066bd7c018066be1a860010', '4028b881804768e60180476c596c00010', 11);
INSERT INTO simudest.eleccion(id_plaza, id_user, orden)	VALUES ('4028b8818066bd7c018066be1a860010', '4028b881804768e60180476c596c00011', 11);
INSERT INTO simudest.eleccion(id_plaza, id_user, orden)	VALUES ('4028b8818066bd7c018066be1a860010', '4028b881804768e60180476c596c00012', 11);
INSERT INTO simudest.eleccion(id_plaza, id_user, orden)	VALUES ('4028b8818066bd7c018066be1a860010', '4028b881804768e60180476c596c00013', 11);
INSERT INTO simudest.eleccion(id_plaza, id_user, orden)	VALUES ('4028b8818066bd7c018066be1a860010', '4028b881804768e60180476c596c00014', 11);

INSERT INTO simudest.eleccion(id_plaza, id_user, orden)	VALUES ('4028b8818066bd7c018066be1a860011', '4028b881804768e60180476c596c0000', 12);
INSERT INTO simudest.eleccion(id_plaza, id_user, orden)	VALUES ('4028b8818066bd7c018066be1a860011', '4028b881804768e60180476c596c0001', 12);
INSERT INTO simudest.eleccion(id_plaza, id_user, orden)	VALUES ('4028b8818066bd7c018066be1a860011', '4028b881804768e60180476c596c0002', 12);
INSERT INTO simudest.eleccion(id_plaza, id_user, orden)	VALUES ('4028b8818066bd7c018066be1a860011', '4028b881804768e60180476c596c0003', 12);
INSERT INTO simudest.eleccion(id_plaza, id_user, orden)	VALUES ('4028b8818066bd7c018066be1a860011', '4028b881804768e60180476c596c0004', 12);
INSERT INTO simudest.eleccion(id_plaza, id_user, orden)	VALUES ('4028b8818066bd7c018066be1a860011', '4028b881804768e60180476c596c0005', 12);
INSERT INTO simudest.eleccion(id_plaza, id_user, orden)	VALUES ('4028b8818066bd7c018066be1a860011', '4028b881804768e60180476c596c0006', 12);
INSERT INTO simudest.eleccion(id_plaza, id_user, orden)	VALUES ('4028b8818066bd7c018066be1a860011', '4028b881804768e60180476c596c0007', 12);
INSERT INTO simudest.eleccion(id_plaza, id_user, orden)	VALUES ('4028b8818066bd7c018066be1a860011', '4028b881804768e60180476c596c0008', 12);
INSERT INTO simudest.eleccion(id_plaza, id_user, orden)	VALUES ('4028b8818066bd7c018066be1a860011', '4028b881804768e60180476c596c0009', 12);
INSERT INTO simudest.eleccion(id_plaza, id_user, orden)	VALUES ('4028b8818066bd7c018066be1a860011', '4028b881804768e60180476c596c00010', 12);
INSERT INTO simudest.eleccion(id_plaza, id_user, orden)	VALUES ('4028b8818066bd7c018066be1a860011', '4028b881804768e60180476c596c00011', 12);
INSERT INTO simudest.eleccion(id_plaza, id_user, orden)	VALUES ('4028b8818066bd7c018066be1a860011', '4028b881804768e60180476c596c00012', 12);
INSERT INTO simudest.eleccion(id_plaza, id_user, orden)	VALUES ('4028b8818066bd7c018066be1a860011', '4028b881804768e60180476c596c00013', 12);
INSERT INTO simudest.eleccion(id_plaza, id_user, orden)	VALUES ('4028b8818066bd7c018066be1a860011', '4028b881804768e60180476c596c00014', 12);

INSERT INTO simudest.eleccion(id_plaza, id_user, orden)	VALUES ('4028b8818066bd7c018066be1a860012', '4028b881804768e60180476c596c0000', 13);
INSERT INTO simudest.eleccion(id_plaza, id_user, orden)	VALUES ('4028b8818066bd7c018066be1a860012', '4028b881804768e60180476c596c0001', 13);
INSERT INTO simudest.eleccion(id_plaza, id_user, orden)	VALUES ('4028b8818066bd7c018066be1a860012', '4028b881804768e60180476c596c0002', 13);
INSERT INTO simudest.eleccion(id_plaza, id_user, orden)	VALUES ('4028b8818066bd7c018066be1a860012', '4028b881804768e60180476c596c0003', 13);
INSERT INTO simudest.eleccion(id_plaza, id_user, orden)	VALUES ('4028b8818066bd7c018066be1a860012', '4028b881804768e60180476c596c0004', 13);
INSERT INTO simudest.eleccion(id_plaza, id_user, orden)	VALUES ('4028b8818066bd7c018066be1a860012', '4028b881804768e60180476c596c0005', 13);
INSERT INTO simudest.eleccion(id_plaza, id_user, orden)	VALUES ('4028b8818066bd7c018066be1a860012', '4028b881804768e60180476c596c0006', 13);
INSERT INTO simudest.eleccion(id_plaza, id_user, orden)	VALUES ('4028b8818066bd7c018066be1a860012', '4028b881804768e60180476c596c0007', 13);
INSERT INTO simudest.eleccion(id_plaza, id_user, orden)	VALUES ('4028b8818066bd7c018066be1a860012', '4028b881804768e60180476c596c0008', 13);
INSERT INTO simudest.eleccion(id_plaza, id_user, orden)	VALUES ('4028b8818066bd7c018066be1a860012', '4028b881804768e60180476c596c0009', 13);
INSERT INTO simudest.eleccion(id_plaza, id_user, orden)	VALUES ('4028b8818066bd7c018066be1a860012', '4028b881804768e60180476c596c00010', 13);
INSERT INTO simudest.eleccion(id_plaza, id_user, orden)	VALUES ('4028b8818066bd7c018066be1a860012', '4028b881804768e60180476c596c00011', 13);
INSERT INTO simudest.eleccion(id_plaza, id_user, orden)	VALUES ('4028b8818066bd7c018066be1a860012', '4028b881804768e60180476c596c00012', 13);
INSERT INTO simudest.eleccion(id_plaza, id_user, orden)	VALUES ('4028b8818066bd7c018066be1a860012', '4028b881804768e60180476c596c00013', 13);
INSERT INTO simudest.eleccion(id_plaza, id_user, orden)	VALUES ('4028b8818066bd7c018066be1a860012', '4028b881804768e60180476c596c00014', 13);

INSERT INTO simudest.eleccion(id_plaza, id_user, orden)	VALUES ('4028b8818066bd7c018066be1a860013', '4028b881804768e60180476c596c0000', 14);
INSERT INTO simudest.eleccion(id_plaza, id_user, orden)	VALUES ('4028b8818066bd7c018066be1a860013', '4028b881804768e60180476c596c0001', 14);
INSERT INTO simudest.eleccion(id_plaza, id_user, orden)	VALUES ('4028b8818066bd7c018066be1a860013', '4028b881804768e60180476c596c0002', 14);
INSERT INTO simudest.eleccion(id_plaza, id_user, orden)	VALUES ('4028b8818066bd7c018066be1a860013', '4028b881804768e60180476c596c0003', 14);
INSERT INTO simudest.eleccion(id_plaza, id_user, orden)	VALUES ('4028b8818066bd7c018066be1a860013', '4028b881804768e60180476c596c0004', 14);
INSERT INTO simudest.eleccion(id_plaza, id_user, orden)	VALUES ('4028b8818066bd7c018066be1a860013', '4028b881804768e60180476c596c0005', 14);
INSERT INTO simudest.eleccion(id_plaza, id_user, orden)	VALUES ('4028b8818066bd7c018066be1a860013', '4028b881804768e60180476c596c0006', 14);
INSERT INTO simudest.eleccion(id_plaza, id_user, orden)	VALUES ('4028b8818066bd7c018066be1a860013', '4028b881804768e60180476c596c0007', 14);
INSERT INTO simudest.eleccion(id_plaza, id_user, orden)	VALUES ('4028b8818066bd7c018066be1a860013', '4028b881804768e60180476c596c0008', 14);
INSERT INTO simudest.eleccion(id_plaza, id_user, orden)	VALUES ('4028b8818066bd7c018066be1a860013', '4028b881804768e60180476c596c0009', 14);
INSERT INTO simudest.eleccion(id_plaza, id_user, orden)	VALUES ('4028b8818066bd7c018066be1a860013', '4028b881804768e60180476c596c00010', 14);
INSERT INTO simudest.eleccion(id_plaza, id_user, orden)	VALUES ('4028b8818066bd7c018066be1a860013', '4028b881804768e60180476c596c00011', 14);
INSERT INTO simudest.eleccion(id_plaza, id_user, orden)	VALUES ('4028b8818066bd7c018066be1a860013', '4028b881804768e60180476c596c00012', 14);
INSERT INTO simudest.eleccion(id_plaza, id_user, orden)	VALUES ('4028b8818066bd7c018066be1a860013', '4028b881804768e60180476c596c00013', 14);
INSERT INTO simudest.eleccion(id_plaza, id_user, orden)	VALUES ('4028b8818066bd7c018066be1a860013', '4028b881804768e60180476c596c00014', 14);

INSERT INTO simudest.eleccion(id_plaza, id_user, orden)	VALUES ('4028b8818066bd7c018066be1a860014', '4028b881804768e60180476c596c0000', 15);
INSERT INTO simudest.eleccion(id_plaza, id_user, orden)	VALUES ('4028b8818066bd7c018066be1a860014', '4028b881804768e60180476c596c0001', 15);
INSERT INTO simudest.eleccion(id_plaza, id_user, orden)	VALUES ('4028b8818066bd7c018066be1a860014', '4028b881804768e60180476c596c0002', 15);
INSERT INTO simudest.eleccion(id_plaza, id_user, orden)	VALUES ('4028b8818066bd7c018066be1a860014', '4028b881804768e60180476c596c0003', 15);
INSERT INTO simudest.eleccion(id_plaza, id_user, orden)	VALUES ('4028b8818066bd7c018066be1a860014', '4028b881804768e60180476c596c0004', 15);
INSERT INTO simudest.eleccion(id_plaza, id_user, orden)	VALUES ('4028b8818066bd7c018066be1a860014', '4028b881804768e60180476c596c0005', 15);
INSERT INTO simudest.eleccion(id_plaza, id_user, orden)	VALUES ('4028b8818066bd7c018066be1a860014', '4028b881804768e60180476c596c0006', 15);
INSERT INTO simudest.eleccion(id_plaza, id_user, orden)	VALUES ('4028b8818066bd7c018066be1a860014', '4028b881804768e60180476c596c0007', 15);
INSERT INTO simudest.eleccion(id_plaza, id_user, orden)	VALUES ('4028b8818066bd7c018066be1a860014', '4028b881804768e60180476c596c0008', 15);
INSERT INTO simudest.eleccion(id_plaza, id_user, orden)	VALUES ('4028b8818066bd7c018066be1a860014', '4028b881804768e60180476c596c0009', 15);
INSERT INTO simudest.eleccion(id_plaza, id_user, orden)	VALUES ('4028b8818066bd7c018066be1a860014', '4028b881804768e60180476c596c00010', 15);
INSERT INTO simudest.eleccion(id_plaza, id_user, orden)	VALUES ('4028b8818066bd7c018066be1a860014', '4028b881804768e60180476c596c00011', 15);
INSERT INTO simudest.eleccion(id_plaza, id_user, orden)	VALUES ('4028b8818066bd7c018066be1a860014', '4028b881804768e60180476c596c00012', 15);
INSERT INTO simudest.eleccion(id_plaza, id_user, orden)	VALUES ('4028b8818066bd7c018066be1a860014', '4028b881804768e60180476c596c00013', 15);
INSERT INTO simudest.eleccion(id_plaza, id_user, orden)	VALUES ('4028b8818066bd7c018066be1a860014', '4028b881804768e60180476c596c00014', 15);

INSERT INTO simudest.eleccion(id_plaza, id_user, orden)	VALUES ('4028b8818066bd7c018066be1a860015', '4028b881804768e60180476c596c0000', 16);
INSERT INTO simudest.eleccion(id_plaza, id_user, orden)	VALUES ('4028b8818066bd7c018066be1a860015', '4028b881804768e60180476c596c0001', 16);
INSERT INTO simudest.eleccion(id_plaza, id_user, orden)	VALUES ('4028b8818066bd7c018066be1a860015', '4028b881804768e60180476c596c0002', 16);
INSERT INTO simudest.eleccion(id_plaza, id_user, orden)	VALUES ('4028b8818066bd7c018066be1a860015', '4028b881804768e60180476c596c0003', 16);
INSERT INTO simudest.eleccion(id_plaza, id_user, orden)	VALUES ('4028b8818066bd7c018066be1a860015', '4028b881804768e60180476c596c0004', 16);
INSERT INTO simudest.eleccion(id_plaza, id_user, orden)	VALUES ('4028b8818066bd7c018066be1a860015', '4028b881804768e60180476c596c0005', 16);
INSERT INTO simudest.eleccion(id_plaza, id_user, orden)	VALUES ('4028b8818066bd7c018066be1a860015', '4028b881804768e60180476c596c0006', 16);
INSERT INTO simudest.eleccion(id_plaza, id_user, orden)	VALUES ('4028b8818066bd7c018066be1a860015', '4028b881804768e60180476c596c0007', 16);
INSERT INTO simudest.eleccion(id_plaza, id_user, orden)	VALUES ('4028b8818066bd7c018066be1a860015', '4028b881804768e60180476c596c0008', 16);
INSERT INTO simudest.eleccion(id_plaza, id_user, orden)	VALUES ('4028b8818066bd7c018066be1a860015', '4028b881804768e60180476c596c0009', 16);
INSERT INTO simudest.eleccion(id_plaza, id_user, orden)	VALUES ('4028b8818066bd7c018066be1a860015', '4028b881804768e60180476c596c00010', 16);
INSERT INTO simudest.eleccion(id_plaza, id_user, orden)	VALUES ('4028b8818066bd7c018066be1a860015', '4028b881804768e60180476c596c00011', 16);
INSERT INTO simudest.eleccion(id_plaza, id_user, orden)	VALUES ('4028b8818066bd7c018066be1a860015', '4028b881804768e60180476c596c00012', 16);
INSERT INTO simudest.eleccion(id_plaza, id_user, orden)	VALUES ('4028b8818066bd7c018066be1a860015', '4028b881804768e60180476c596c00013', 16);
INSERT INTO simudest.eleccion(id_plaza, id_user, orden)	VALUES ('4028b8818066bd7c018066be1a860015', '4028b881804768e60180476c596c00014', 16);

INSERT INTO simudest.eleccion(id_plaza, id_user, orden)	VALUES ('4028b8818066bd7c018066be1a860016', '4028b881804768e60180476c596c0000', 17);
INSERT INTO simudest.eleccion(id_plaza, id_user, orden)	VALUES ('4028b8818066bd7c018066be1a860016', '4028b881804768e60180476c596c0001', 17);
INSERT INTO simudest.eleccion(id_plaza, id_user, orden)	VALUES ('4028b8818066bd7c018066be1a860016', '4028b881804768e60180476c596c0002', 17);
INSERT INTO simudest.eleccion(id_plaza, id_user, orden)	VALUES ('4028b8818066bd7c018066be1a860016', '4028b881804768e60180476c596c0003', 17);
INSERT INTO simudest.eleccion(id_plaza, id_user, orden)	VALUES ('4028b8818066bd7c018066be1a860016', '4028b881804768e60180476c596c0004', 17);
INSERT INTO simudest.eleccion(id_plaza, id_user, orden)	VALUES ('4028b8818066bd7c018066be1a860016', '4028b881804768e60180476c596c0005', 17);
INSERT INTO simudest.eleccion(id_plaza, id_user, orden)	VALUES ('4028b8818066bd7c018066be1a860016', '4028b881804768e60180476c596c0006', 17);
INSERT INTO simudest.eleccion(id_plaza, id_user, orden)	VALUES ('4028b8818066bd7c018066be1a860016', '4028b881804768e60180476c596c0007', 17);
INSERT INTO simudest.eleccion(id_plaza, id_user, orden)	VALUES ('4028b8818066bd7c018066be1a860016', '4028b881804768e60180476c596c0008', 17);
INSERT INTO simudest.eleccion(id_plaza, id_user, orden)	VALUES ('4028b8818066bd7c018066be1a860016', '4028b881804768e60180476c596c0009', 17);
INSERT INTO simudest.eleccion(id_plaza, id_user, orden)	VALUES ('4028b8818066bd7c018066be1a860016', '4028b881804768e60180476c596c00010', 17);
INSERT INTO simudest.eleccion(id_plaza, id_user, orden)	VALUES ('4028b8818066bd7c018066be1a860016', '4028b881804768e60180476c596c00011', 17);
INSERT INTO simudest.eleccion(id_plaza, id_user, orden)	VALUES ('4028b8818066bd7c018066be1a860016', '4028b881804768e60180476c596c00012', 17);
INSERT INTO simudest.eleccion(id_plaza, id_user, orden)	VALUES ('4028b8818066bd7c018066be1a860016', '4028b881804768e60180476c596c00013', 17);
INSERT INTO simudest.eleccion(id_plaza, id_user, orden)	VALUES ('4028b8818066bd7c018066be1a860016', '4028b881804768e60180476c596c00014', 17);

INSERT INTO simudest.eleccion(id_plaza, id_user, orden)	VALUES ('4028b8818066bd7c018066be1a860017', '4028b881804768e60180476c596c0000', 18);
INSERT INTO simudest.eleccion(id_plaza, id_user, orden)	VALUES ('4028b8818066bd7c018066be1a860017', '4028b881804768e60180476c596c0001', 18);
INSERT INTO simudest.eleccion(id_plaza, id_user, orden)	VALUES ('4028b8818066bd7c018066be1a860017', '4028b881804768e60180476c596c0002', 18);
INSERT INTO simudest.eleccion(id_plaza, id_user, orden)	VALUES ('4028b8818066bd7c018066be1a860017', '4028b881804768e60180476c596c0003', 18);
INSERT INTO simudest.eleccion(id_plaza, id_user, orden)	VALUES ('4028b8818066bd7c018066be1a860017', '4028b881804768e60180476c596c0004', 18);
INSERT INTO simudest.eleccion(id_plaza, id_user, orden)	VALUES ('4028b8818066bd7c018066be1a860017', '4028b881804768e60180476c596c0005', 18);
INSERT INTO simudest.eleccion(id_plaza, id_user, orden)	VALUES ('4028b8818066bd7c018066be1a860017', '4028b881804768e60180476c596c0006', 18);
INSERT INTO simudest.eleccion(id_plaza, id_user, orden)	VALUES ('4028b8818066bd7c018066be1a860017', '4028b881804768e60180476c596c0007', 18);
INSERT INTO simudest.eleccion(id_plaza, id_user, orden)	VALUES ('4028b8818066bd7c018066be1a860017', '4028b881804768e60180476c596c0008', 18);
INSERT INTO simudest.eleccion(id_plaza, id_user, orden)	VALUES ('4028b8818066bd7c018066be1a860017', '4028b881804768e60180476c596c0009', 18);
INSERT INTO simudest.eleccion(id_plaza, id_user, orden)	VALUES ('4028b8818066bd7c018066be1a860017', '4028b881804768e60180476c596c00010', 18);
INSERT INTO simudest.eleccion(id_plaza, id_user, orden)	VALUES ('4028b8818066bd7c018066be1a860017', '4028b881804768e60180476c596c00011', 18);
INSERT INTO simudest.eleccion(id_plaza, id_user, orden)	VALUES ('4028b8818066bd7c018066be1a860017', '4028b881804768e60180476c596c00012', 18);
INSERT INTO simudest.eleccion(id_plaza, id_user, orden)	VALUES ('4028b8818066bd7c018066be1a860017', '4028b881804768e60180476c596c00013', 18);
INSERT INTO simudest.eleccion(id_plaza, id_user, orden)	VALUES ('4028b8818066bd7c018066be1a860017', '4028b881804768e60180476c596c00014', 18);

INSERT INTO simudest.eleccion(id_plaza, id_user, orden)	VALUES ('4028b8818066bd7c018066be1a860018', '4028b881804768e60180476c596c0000', 19);
INSERT INTO simudest.eleccion(id_plaza, id_user, orden)	VALUES ('4028b8818066bd7c018066be1a860018', '4028b881804768e60180476c596c0001', 19);
INSERT INTO simudest.eleccion(id_plaza, id_user, orden)	VALUES ('4028b8818066bd7c018066be1a860018', '4028b881804768e60180476c596c0002', 19);
INSERT INTO simudest.eleccion(id_plaza, id_user, orden)	VALUES ('4028b8818066bd7c018066be1a860018', '4028b881804768e60180476c596c0003', 19);
INSERT INTO simudest.eleccion(id_plaza, id_user, orden)	VALUES ('4028b8818066bd7c018066be1a860018', '4028b881804768e60180476c596c0004', 19);
INSERT INTO simudest.eleccion(id_plaza, id_user, orden)	VALUES ('4028b8818066bd7c018066be1a860018', '4028b881804768e60180476c596c0005', 19);
INSERT INTO simudest.eleccion(id_plaza, id_user, orden)	VALUES ('4028b8818066bd7c018066be1a860018', '4028b881804768e60180476c596c0006', 19);
INSERT INTO simudest.eleccion(id_plaza, id_user, orden)	VALUES ('4028b8818066bd7c018066be1a860018', '4028b881804768e60180476c596c0007', 19);
INSERT INTO simudest.eleccion(id_plaza, id_user, orden)	VALUES ('4028b8818066bd7c018066be1a860018', '4028b881804768e60180476c596c0008', 19);
INSERT INTO simudest.eleccion(id_plaza, id_user, orden)	VALUES ('4028b8818066bd7c018066be1a860018', '4028b881804768e60180476c596c0009', 19);
INSERT INTO simudest.eleccion(id_plaza, id_user, orden)	VALUES ('4028b8818066bd7c018066be1a860018', '4028b881804768e60180476c596c00010', 19);
INSERT INTO simudest.eleccion(id_plaza, id_user, orden)	VALUES ('4028b8818066bd7c018066be1a860018', '4028b881804768e60180476c596c00011', 19);
INSERT INTO simudest.eleccion(id_plaza, id_user, orden)	VALUES ('4028b8818066bd7c018066be1a860018', '4028b881804768e60180476c596c00012', 19);
INSERT INTO simudest.eleccion(id_plaza, id_user, orden)	VALUES ('4028b8818066bd7c018066be1a860018', '4028b881804768e60180476c596c00013', 19);
INSERT INTO simudest.eleccion(id_plaza, id_user, orden)	VALUES ('4028b8818066bd7c018066be1a860018', '4028b881804768e60180476c596c00014', 19);

INSERT INTO simudest.eleccion(id_plaza, id_user, orden)	VALUES ('4028b8818066bd7c018066be1a860019', '4028b881804768e60180476c596c0000', 20);
INSERT INTO simudest.eleccion(id_plaza, id_user, orden)	VALUES ('4028b8818066bd7c018066be1a860019', '4028b881804768e60180476c596c0001', 20);
INSERT INTO simudest.eleccion(id_plaza, id_user, orden)	VALUES ('4028b8818066bd7c018066be1a860019', '4028b881804768e60180476c596c0002', 20);
INSERT INTO simudest.eleccion(id_plaza, id_user, orden)	VALUES ('4028b8818066bd7c018066be1a860019', '4028b881804768e60180476c596c0003', 20);
INSERT INTO simudest.eleccion(id_plaza, id_user, orden)	VALUES ('4028b8818066bd7c018066be1a860019', '4028b881804768e60180476c596c0004', 20);
INSERT INTO simudest.eleccion(id_plaza, id_user, orden)	VALUES ('4028b8818066bd7c018066be1a860019', '4028b881804768e60180476c596c0005', 20);
INSERT INTO simudest.eleccion(id_plaza, id_user, orden)	VALUES ('4028b8818066bd7c018066be1a860019', '4028b881804768e60180476c596c0006', 20);
INSERT INTO simudest.eleccion(id_plaza, id_user, orden)	VALUES ('4028b8818066bd7c018066be1a860019', '4028b881804768e60180476c596c0007', 20);
INSERT INTO simudest.eleccion(id_plaza, id_user, orden)	VALUES ('4028b8818066bd7c018066be1a860019', '4028b881804768e60180476c596c0008', 20);
INSERT INTO simudest.eleccion(id_plaza, id_user, orden)	VALUES ('4028b8818066bd7c018066be1a860019', '4028b881804768e60180476c596c0009', 20);
INSERT INTO simudest.eleccion(id_plaza, id_user, orden)	VALUES ('4028b8818066bd7c018066be1a860019', '4028b881804768e60180476c596c00010', 20);
INSERT INTO simudest.eleccion(id_plaza, id_user, orden)	VALUES ('4028b8818066bd7c018066be1a860019', '4028b881804768e60180476c596c00011', 20);
INSERT INTO simudest.eleccion(id_plaza, id_user, orden)	VALUES ('4028b8818066bd7c018066be1a860019', '4028b881804768e60180476c596c00012', 20);
INSERT INTO simudest.eleccion(id_plaza, id_user, orden)	VALUES ('4028b8818066bd7c018066be1a860019', '4028b881804768e60180476c596c00013', 20);
INSERT INTO simudest.eleccion(id_plaza, id_user, orden)	VALUES ('4028b8818066bd7c018066be1a860019', '4028b881804768e60180476c596c00014', 20);

INSERT INTO simudest.eleccion(id_plaza, id_user, orden)	VALUES ('4028b8818066bd7c018066be1a860020', '4028b881804768e60180476c596c0000', 21);
INSERT INTO simudest.eleccion(id_plaza, id_user, orden)	VALUES ('4028b8818066bd7c018066be1a860020', '4028b881804768e60180476c596c0001', 21);
INSERT INTO simudest.eleccion(id_plaza, id_user, orden)	VALUES ('4028b8818066bd7c018066be1a860020', '4028b881804768e60180476c596c0002', 21);
INSERT INTO simudest.eleccion(id_plaza, id_user, orden)	VALUES ('4028b8818066bd7c018066be1a860020', '4028b881804768e60180476c596c0003', 21);
INSERT INTO simudest.eleccion(id_plaza, id_user, orden)	VALUES ('4028b8818066bd7c018066be1a860020', '4028b881804768e60180476c596c0004', 21);
INSERT INTO simudest.eleccion(id_plaza, id_user, orden)	VALUES ('4028b8818066bd7c018066be1a860020', '4028b881804768e60180476c596c0005', 21);
INSERT INTO simudest.eleccion(id_plaza, id_user, orden)	VALUES ('4028b8818066bd7c018066be1a860020', '4028b881804768e60180476c596c0006', 21);
INSERT INTO simudest.eleccion(id_plaza, id_user, orden)	VALUES ('4028b8818066bd7c018066be1a860020', '4028b881804768e60180476c596c0007', 21);
INSERT INTO simudest.eleccion(id_plaza, id_user, orden)	VALUES ('4028b8818066bd7c018066be1a860020', '4028b881804768e60180476c596c0008', 21);
INSERT INTO simudest.eleccion(id_plaza, id_user, orden)	VALUES ('4028b8818066bd7c018066be1a860020', '4028b881804768e60180476c596c0009', 21);
INSERT INTO simudest.eleccion(id_plaza, id_user, orden)	VALUES ('4028b8818066bd7c018066be1a860020', '4028b881804768e60180476c596c00010', 21);
INSERT INTO simudest.eleccion(id_plaza, id_user, orden)	VALUES ('4028b8818066bd7c018066be1a860020', '4028b881804768e60180476c596c00011', 21);
INSERT INTO simudest.eleccion(id_plaza, id_user, orden)	VALUES ('4028b8818066bd7c018066be1a860020', '4028b881804768e60180476c596c00012', 21);
INSERT INTO simudest.eleccion(id_plaza, id_user, orden)	VALUES ('4028b8818066bd7c018066be1a860020', '4028b881804768e60180476c596c00013', 21);
INSERT INTO simudest.eleccion(id_plaza, id_user, orden)	VALUES ('4028b8818066bd7c018066be1a860020', '4028b881804768e60180476c596c00014', 21);

INSERT INTO simudest.eleccion(id_plaza, id_user, orden)	VALUES ('4028b8818066bd7c018066be1a860021', '4028b881804768e60180476c596c0000', 22);
INSERT INTO simudest.eleccion(id_plaza, id_user, orden)	VALUES ('4028b8818066bd7c018066be1a860021', '4028b881804768e60180476c596c0001', 22);
INSERT INTO simudest.eleccion(id_plaza, id_user, orden)	VALUES ('4028b8818066bd7c018066be1a860021', '4028b881804768e60180476c596c0002', 22);
INSERT INTO simudest.eleccion(id_plaza, id_user, orden)	VALUES ('4028b8818066bd7c018066be1a860021', '4028b881804768e60180476c596c0003', 22);
INSERT INTO simudest.eleccion(id_plaza, id_user, orden)	VALUES ('4028b8818066bd7c018066be1a860021', '4028b881804768e60180476c596c0004', 22);
INSERT INTO simudest.eleccion(id_plaza, id_user, orden)	VALUES ('4028b8818066bd7c018066be1a860021', '4028b881804768e60180476c596c0005', 22);
INSERT INTO simudest.eleccion(id_plaza, id_user, orden)	VALUES ('4028b8818066bd7c018066be1a860021', '4028b881804768e60180476c596c0006', 22);
INSERT INTO simudest.eleccion(id_plaza, id_user, orden)	VALUES ('4028b8818066bd7c018066be1a860021', '4028b881804768e60180476c596c0007', 22);
INSERT INTO simudest.eleccion(id_plaza, id_user, orden)	VALUES ('4028b8818066bd7c018066be1a860021', '4028b881804768e60180476c596c0008', 22);
INSERT INTO simudest.eleccion(id_plaza, id_user, orden)	VALUES ('4028b8818066bd7c018066be1a860021', '4028b881804768e60180476c596c0009', 22);
INSERT INTO simudest.eleccion(id_plaza, id_user, orden)	VALUES ('4028b8818066bd7c018066be1a860021', '4028b881804768e60180476c596c00010', 22);
INSERT INTO simudest.eleccion(id_plaza, id_user, orden)	VALUES ('4028b8818066bd7c018066be1a860021', '4028b881804768e60180476c596c00011', 22);
INSERT INTO simudest.eleccion(id_plaza, id_user, orden)	VALUES ('4028b8818066bd7c018066be1a860021', '4028b881804768e60180476c596c00012', 22);
INSERT INTO simudest.eleccion(id_plaza, id_user, orden)	VALUES ('4028b8818066bd7c018066be1a860021', '4028b881804768e60180476c596c00013', 22);
INSERT INTO simudest.eleccion(id_plaza, id_user, orden)	VALUES ('4028b8818066bd7c018066be1a860021', '4028b881804768e60180476c596c00014', 22);

INSERT INTO simudest.eleccion(id_plaza, id_user, orden)	VALUES ('4028b8818066bd7c018066be1a860022', '4028b881804768e60180476c596c0000', 23);
INSERT INTO simudest.eleccion(id_plaza, id_user, orden)	VALUES ('4028b8818066bd7c018066be1a860022', '4028b881804768e60180476c596c0001', 23);
INSERT INTO simudest.eleccion(id_plaza, id_user, orden)	VALUES ('4028b8818066bd7c018066be1a860022', '4028b881804768e60180476c596c0002', 23);
INSERT INTO simudest.eleccion(id_plaza, id_user, orden)	VALUES ('4028b8818066bd7c018066be1a860022', '4028b881804768e60180476c596c0003', 23);
INSERT INTO simudest.eleccion(id_plaza, id_user, orden)	VALUES ('4028b8818066bd7c018066be1a860022', '4028b881804768e60180476c596c0004', 23);
INSERT INTO simudest.eleccion(id_plaza, id_user, orden)	VALUES ('4028b8818066bd7c018066be1a860022', '4028b881804768e60180476c596c0005', 23);
INSERT INTO simudest.eleccion(id_plaza, id_user, orden)	VALUES ('4028b8818066bd7c018066be1a860022', '4028b881804768e60180476c596c0006', 23);
INSERT INTO simudest.eleccion(id_plaza, id_user, orden)	VALUES ('4028b8818066bd7c018066be1a860022', '4028b881804768e60180476c596c0007', 23);
INSERT INTO simudest.eleccion(id_plaza, id_user, orden)	VALUES ('4028b8818066bd7c018066be1a860022', '4028b881804768e60180476c596c0008', 23);
INSERT INTO simudest.eleccion(id_plaza, id_user, orden)	VALUES ('4028b8818066bd7c018066be1a860022', '4028b881804768e60180476c596c0009', 23);
INSERT INTO simudest.eleccion(id_plaza, id_user, orden)	VALUES ('4028b8818066bd7c018066be1a860022', '4028b881804768e60180476c596c00010', 23);
INSERT INTO simudest.eleccion(id_plaza, id_user, orden)	VALUES ('4028b8818066bd7c018066be1a860022', '4028b881804768e60180476c596c00011', 23);
INSERT INTO simudest.eleccion(id_plaza, id_user, orden)	VALUES ('4028b8818066bd7c018066be1a860022', '4028b881804768e60180476c596c00012', 23);
INSERT INTO simudest.eleccion(id_plaza, id_user, orden)	VALUES ('4028b8818066bd7c018066be1a860022', '4028b881804768e60180476c596c00013', 23);
INSERT INTO simudest.eleccion(id_plaza, id_user, orden)	VALUES ('4028b8818066bd7c018066be1a860022', '4028b881804768e60180476c596c00014', 23);

INSERT INTO simudest.eleccion(id_plaza, id_user, orden)	VALUES ('4028b8818066bd7c018066be1a860023', '4028b881804768e60180476c596c0000', 24);
INSERT INTO simudest.eleccion(id_plaza, id_user, orden)	VALUES ('4028b8818066bd7c018066be1a860023', '4028b881804768e60180476c596c0001', 24);
INSERT INTO simudest.eleccion(id_plaza, id_user, orden)	VALUES ('4028b8818066bd7c018066be1a860023', '4028b881804768e60180476c596c0002', 24);
INSERT INTO simudest.eleccion(id_plaza, id_user, orden)	VALUES ('4028b8818066bd7c018066be1a860023', '4028b881804768e60180476c596c0003', 24);
INSERT INTO simudest.eleccion(id_plaza, id_user, orden)	VALUES ('4028b8818066bd7c018066be1a860023', '4028b881804768e60180476c596c0004', 24);
INSERT INTO simudest.eleccion(id_plaza, id_user, orden)	VALUES ('4028b8818066bd7c018066be1a860023', '4028b881804768e60180476c596c0005', 24);
INSERT INTO simudest.eleccion(id_plaza, id_user, orden)	VALUES ('4028b8818066bd7c018066be1a860023', '4028b881804768e60180476c596c0006', 24);
INSERT INTO simudest.eleccion(id_plaza, id_user, orden)	VALUES ('4028b8818066bd7c018066be1a860023', '4028b881804768e60180476c596c0007', 24);
INSERT INTO simudest.eleccion(id_plaza, id_user, orden)	VALUES ('4028b8818066bd7c018066be1a860023', '4028b881804768e60180476c596c0008', 24);
INSERT INTO simudest.eleccion(id_plaza, id_user, orden)	VALUES ('4028b8818066bd7c018066be1a860023', '4028b881804768e60180476c596c0009', 24);
INSERT INTO simudest.eleccion(id_plaza, id_user, orden)	VALUES ('4028b8818066bd7c018066be1a860023', '4028b881804768e60180476c596c00010', 24);
INSERT INTO simudest.eleccion(id_plaza, id_user, orden)	VALUES ('4028b8818066bd7c018066be1a860023', '4028b881804768e60180476c596c00011', 24);
INSERT INTO simudest.eleccion(id_plaza, id_user, orden)	VALUES ('4028b8818066bd7c018066be1a860023', '4028b881804768e60180476c596c00012', 24);
INSERT INTO simudest.eleccion(id_plaza, id_user, orden)	VALUES ('4028b8818066bd7c018066be1a860023', '4028b881804768e60180476c596c00013', 24);
INSERT INTO simudest.eleccion(id_plaza, id_user, orden)	VALUES ('4028b8818066bd7c018066be1a860023', '4028b881804768e60180476c596c00014', 24);

INSERT INTO simudest.eleccion(id_plaza, id_user, orden)	VALUES ('4028b8818066bd7c018066be1a860024', '4028b881804768e60180476c596c0000', 25);
INSERT INTO simudest.eleccion(id_plaza, id_user, orden)	VALUES ('4028b8818066bd7c018066be1a860024', '4028b881804768e60180476c596c0001', 25);
INSERT INTO simudest.eleccion(id_plaza, id_user, orden)	VALUES ('4028b8818066bd7c018066be1a860024', '4028b881804768e60180476c596c0002', 25);
INSERT INTO simudest.eleccion(id_plaza, id_user, orden)	VALUES ('4028b8818066bd7c018066be1a860024', '4028b881804768e60180476c596c0003', 25);
INSERT INTO simudest.eleccion(id_plaza, id_user, orden)	VALUES ('4028b8818066bd7c018066be1a860024', '4028b881804768e60180476c596c0004', 25);
INSERT INTO simudest.eleccion(id_plaza, id_user, orden)	VALUES ('4028b8818066bd7c018066be1a860024', '4028b881804768e60180476c596c0005', 25);
INSERT INTO simudest.eleccion(id_plaza, id_user, orden)	VALUES ('4028b8818066bd7c018066be1a860024', '4028b881804768e60180476c596c0006', 25);
INSERT INTO simudest.eleccion(id_plaza, id_user, orden)	VALUES ('4028b8818066bd7c018066be1a860024', '4028b881804768e60180476c596c0007', 25);
INSERT INTO simudest.eleccion(id_plaza, id_user, orden)	VALUES ('4028b8818066bd7c018066be1a860024', '4028b881804768e60180476c596c0008', 25);
INSERT INTO simudest.eleccion(id_plaza, id_user, orden)	VALUES ('4028b8818066bd7c018066be1a860024', '4028b881804768e60180476c596c0009', 25);
INSERT INTO simudest.eleccion(id_plaza, id_user, orden)	VALUES ('4028b8818066bd7c018066be1a860024', '4028b881804768e60180476c596c00010', 25);
INSERT INTO simudest.eleccion(id_plaza, id_user, orden)	VALUES ('4028b8818066bd7c018066be1a860024', '4028b881804768e60180476c596c00011', 25);
INSERT INTO simudest.eleccion(id_plaza, id_user, orden)	VALUES ('4028b8818066bd7c018066be1a860024', '4028b881804768e60180476c596c00012', 25);
INSERT INTO simudest.eleccion(id_plaza, id_user, orden)	VALUES ('4028b8818066bd7c018066be1a860024', '4028b881804768e60180476c596c00013', 25);
INSERT INTO simudest.eleccion(id_plaza, id_user, orden)	VALUES ('4028b8818066bd7c018066be1a860024', '4028b881804768e60180476c596c00014', 25);







